Fitter report for memoriaDados
Thu Sep 24 10:04:50 2026
Quartus Prime Version 25.1std.0 Build 1129 10/21/2025 SC Lite Edition


---------------------
; Table of Contents ;
---------------------
  1. Legal Notice
  2. Fitter Summary
  3. Fitter Settings
  4. Parallel Compilation
  5. Incremental Compilation Preservation Summary
  6. Incremental Compilation Partition Settings
  7. Incremental Compilation Placement Preservation
  8. Pin-Out File
  9. Fitter Resource Usage Summary
 10. Fitter Partition Statistics
 11. Input Pins
 12. Output Pins
 13. Dual Purpose and Dedicated Pins
 14. I/O Bank Usage
 15. All Package Pins
 16. I/O Assignment Warnings
 17. Fitter Resource Utilization by Entity
 18. Delay Chain Summary
 19. Pad To Core Delay Chain Fanout
 20. Control Signals
 21. Global & Other Fast Signals
 22. Routing Usage Summary
 23. LAB Logic Elements
 24. LAB-wide Signals
 25. LAB Signals Sourced
 26. LAB Signals Sourced Out
 27. LAB Distinct Inputs
 28. I/O Rules Summary
 29. I/O Rules Details
 30. I/O Rules Matrix
 31. Fitter Device Options
 32. Operating Settings and Conditions
 33. Fitter Messages
 34. Fitter Suppressed Messages



----------------
; Legal Notice ;
----------------
Copyright (C) 2025  Altera Corporation. All rights reserved.
Your use of Altera Corporation's design tools, logic functions 
and other software and tools, and any partner logic 
functions, and any output files from any of the foregoing 
(including device programming or simulation files), and any 
associated documentation or information are expressly subject 
to the terms and conditions of the Altera Program License 
Subscription Agreement, the Altera Quartus Prime License Agreement,
the Altera IP License Agreement, or other applicable license
agreement, including, without limitation, that your use is for
the sole purpose of programming logic devices manufactured by
Altera and sold by Altera or its authorized distributors.  Please
refer to the Altera Software License Subscription Agreements 
on the Quartus Prime software download page.



+--------------------------------------------------------------------------------------+
; Fitter Summary                                                                       ;
+------------------------------------+-------------------------------------------------+
; Fitter Status                      ; Successful - Thu Sep 24 10:04:50 2026           ;
; Quartus Prime Version              ; 25.1std.0 Build 1129 10/21/2025 SC Lite Edition ;
; Revision Name                      ; memoriaDados                                    ;
; Top-level Entity Name              ; memoriaDados                                    ;
; Family                             ; MAX 10                                          ;
; Device                             ; 10M50DAF484C7G                                  ;
; Timing Models                      ; Final                                           ;
; Total logic elements               ; 1,057 / 49,760 ( 2 % )                          ;
;     Total combinational functions  ; 1,057 / 49,760 ( 2 % )                          ;
;     Dedicated logic registers      ; 512 / 49,760 ( 1 % )                            ;
; Total registers                    ; 512                                             ;
; Total pins                         ; 41 / 360 ( 11 % )                               ;
; Total virtual pins                 ; 0                                               ;
; Total memory bits                  ; 0 / 1,677,312 ( 0 % )                           ;
; Embedded Multiplier 9-bit elements ; 0 / 288 ( 0 % )                                 ;
; Total PLLs                         ; 0 / 4 ( 0 % )                                   ;
; UFM blocks                         ; 0 / 1 ( 0 % )                                   ;
; ADC blocks                         ; 0 / 2 ( 0 % )                                   ;
+------------------------------------+-------------------------------------------------+


+----------------------------------------------------------------------------------------------------------------------------------------------------+
; Fitter Settings                                                                                                                                    ;
+--------------------------------------------------------------------+---------------------------------------+---------------------------------------+
; Option                                                             ; Setting                               ; Default Value                         ;
+--------------------------------------------------------------------+---------------------------------------+---------------------------------------+
; Device                                                             ; 10M50DAF484C7G                        ;                                       ;
; Minimum Core Junction Temperature                                  ; 0                                     ;                                       ;
; Maximum Core Junction Temperature                                  ; 85                                    ;                                       ;
; Fit Attempts to Skip                                               ; 0                                     ; 0.0                                   ;
; Use smart compilation                                              ; Off                                   ; Off                                   ;
; Enable parallel Assembler and Timing Analyzer during compilation   ; On                                    ; On                                    ;
; Enable compact report table                                        ; Off                                   ; Off                                   ;
; Auto Merge PLLs                                                    ; On                                    ; On                                    ;
; Router Timing Optimization Level                                   ; Normal                                ; Normal                                ;
; Perform Clocking Topology Analysis During Routing                  ; Off                                   ; Off                                   ;
; Placement Effort Multiplier                                        ; 1.0                                   ; 1.0                                   ;
; Router Effort Multiplier                                           ; 1.0                                   ; 1.0                                   ;
; Optimize Hold Timing                                               ; All Paths                             ; All Paths                             ;
; Optimize Multi-Corner Timing                                       ; On                                    ; On                                    ;
; Power Optimization During Fitting                                  ; Normal compilation                    ; Normal compilation                    ;
; SSN Optimization                                                   ; Off                                   ; Off                                   ;
; Optimize Timing                                                    ; Normal compilation                    ; Normal compilation                    ;
; Optimize Timing for ECOs                                           ; Off                                   ; Off                                   ;
; Regenerate Full Fit Report During ECO Compiles                     ; Off                                   ; Off                                   ;
; Optimize IOC Register Placement for Timing                         ; Normal                                ; Normal                                ;
; Final Placement Optimizations                                      ; Automatically                         ; Automatically                         ;
; Fitter Initial Placement Seed                                      ; 1                                     ; 1                                     ;
; Periphery to Core Placement and Routing Optimization               ; Off                                   ; Off                                   ;
; PCI I/O                                                            ; Off                                   ; Off                                   ;
; Weak Pull-Up Resistor                                              ; Off                                   ; Off                                   ;
; Enable Bus-Hold Circuitry                                          ; Off                                   ; Off                                   ;
; Auto Packed Registers                                              ; Auto                                  ; Auto                                  ;
; Auto Delay Chains                                                  ; On                                    ; On                                    ;
; Auto Delay Chains for High Fanout Input Pins                       ; Off                                   ; Off                                   ;
; Allow Single-ended Buffer for Differential-XSTL Input              ; Off                                   ; Off                                   ;
; Treat Bidirectional Pin as Output Pin                              ; Off                                   ; Off                                   ;
; Perform Physical Synthesis for Combinational Logic for Fitting     ; Off                                   ; Off                                   ;
; Perform Physical Synthesis for Combinational Logic for Performance ; Off                                   ; Off                                   ;
; Perform Register Duplication for Performance                       ; Off                                   ; Off                                   ;
; Perform Logic to Memory Mapping for Fitting                        ; Off                                   ; Off                                   ;
; Perform Register Retiming for Performance                          ; Off                                   ; Off                                   ;
; Perform Asynchronous Signal Pipelining                             ; Off                                   ; Off                                   ;
; Fitter Effort                                                      ; Auto Fit                              ; Auto Fit                              ;
; Physical Synthesis Effort Level                                    ; Normal                                ; Normal                                ;
; Logic Cell Insertion - Logic Duplication                           ; Auto                                  ; Auto                                  ;
; Auto Register Duplication                                          ; Auto                                  ; Auto                                  ;
; Auto Global Clock                                                  ; On                                    ; On                                    ;
; Auto Global Register Control Signals                               ; On                                    ; On                                    ;
; Reserve all unused pins                                            ; As input tri-stated with weak pull-up ; As input tri-stated with weak pull-up ;
; Synchronizer Identification                                        ; Auto                                  ; Auto                                  ;
; Enable Beneficial Skew Optimization                                ; On                                    ; On                                    ;
; Optimize Design for Metastability                                  ; On                                    ; On                                    ;
; Force Fitter to Avoid Periphery Placement Warnings                 ; Off                                   ; Off                                   ;
; Enable input tri-state on active configuration pins in user mode   ; Off                                   ; Off                                   ;
+--------------------------------------------------------------------+---------------------------------------+---------------------------------------+


+------------------------------------------+
; Parallel Compilation                     ;
+----------------------------+-------------+
; Processors                 ; Number      ;
+----------------------------+-------------+
; Number detected on machine ; 12          ;
; Maximum allowed            ; 6           ;
;                            ;             ;
; Average used               ; 1.19        ;
; Maximum used               ; 6           ;
;                            ;             ;
; Usage by Processor         ; % Time Used ;
;     Processor 1            ; 100.0%      ;
;     Processor 2            ;   3.8%      ;
;     Processor 3            ;   3.8%      ;
;     Processor 4            ;   3.8%      ;
;     Processor 5            ;   3.8%      ;
;     Processor 6            ;   3.8%      ;
+----------------------------+-------------+


+---------------------------------------------------------------------------------------------------+
; Incremental Compilation Preservation Summary                                                      ;
+---------------------+---------------------+----------------------------+--------------------------+
; Type                ; Total [A + B]       ; From Design Partitions [A] ; From Rapid Recompile [B] ;
+---------------------+---------------------+----------------------------+--------------------------+
; Placement (by node) ;                     ;                            ;                          ;
;     -- Requested    ; 0.00 % ( 0 / 1671 ) ; 0.00 % ( 0 / 1671 )        ; 0.00 % ( 0 / 1671 )      ;
;     -- Achieved     ; 0.00 % ( 0 / 1671 ) ; 0.00 % ( 0 / 1671 )        ; 0.00 % ( 0 / 1671 )      ;
;                     ;                     ;                            ;                          ;
; Routing (by net)    ;                     ;                            ;                          ;
;     -- Requested    ; 0.00 % ( 0 / 0 )    ; 0.00 % ( 0 / 0 )           ; 0.00 % ( 0 / 0 )         ;
;     -- Achieved     ; 0.00 % ( 0 / 0 )    ; 0.00 % ( 0 / 0 )           ; 0.00 % ( 0 / 0 )         ;
+---------------------+---------------------+----------------------------+--------------------------+


+----------------------------------------------------------------------------------------------------------------------------------------------------------------------------------------+
; Incremental Compilation Partition Settings                                                                                                                                             ;
+--------------------------------+----------------+-------------------+-------------------------+------------------------+------------------------------+--------------------------------+
; Partition Name                 ; Partition Type ; Netlist Type Used ; Preservation Level Used ; Netlist Type Requested ; Preservation Level Requested ; Contents                       ;
+--------------------------------+----------------+-------------------+-------------------------+------------------------+------------------------------+--------------------------------+
; Top                            ; User-created   ; Source File       ; N/A                     ; Source File            ; N/A                          ;                                ;
; hard_block:auto_generated_inst ; Auto-generated ; Source File       ; N/A                     ; Source File            ; N/A                          ; hard_block:auto_generated_inst ;
+--------------------------------+----------------+-------------------+-------------------------+------------------------+------------------------------+--------------------------------+


+------------------------------------------------------------------------------------------------------------------------------------+
; Incremental Compilation Placement Preservation                                                                                     ;
+--------------------------------+-----------------------+-------------------------+-------------------+---------------------+-------+
; Partition Name                 ; Preservation Achieved ; Preservation Level Used ; Netlist Type Used ; Preservation Method ; Notes ;
+--------------------------------+-----------------------+-------------------------+-------------------+---------------------+-------+
; Top                            ; 0.00 % ( 0 / 1655 )   ; N/A                     ; Source File       ; N/A                 ;       ;
; hard_block:auto_generated_inst ; 0.00 % ( 0 / 16 )     ; N/A                     ; Source File       ; N/A                 ;       ;
+--------------------------------+-----------------------+-------------------------+-------------------+---------------------+-------+


+--------------+
; Pin-Out File ;
+--------------+
The pin-out file can be found in /home/oem/Documentos/AOC/AOC1/pratica4/ex2/output_files/memoriaDados.pin.


+----------------------------------------------------------------------+
; Fitter Resource Usage Summary                                        ;
+---------------------------------------------+------------------------+
; Resource                                    ; Usage                  ;
+---------------------------------------------+------------------------+
; Total logic elements                        ; 1,057 / 49,760 ( 2 % ) ;
;     -- Combinational with no register       ; 545                    ;
;     -- Register only                        ; 0                      ;
;     -- Combinational with a register        ; 512                    ;
;                                             ;                        ;
; Logic element usage by number of LUT inputs ;                        ;
;     -- 4 input functions                    ; 693                    ;
;     -- 3 input functions                    ; 328                    ;
;     -- <=2 input functions                  ; 36                     ;
;     -- Register only                        ; 0                      ;
;                                             ;                        ;
; Logic elements by mode                      ;                        ;
;     -- normal mode                          ; 1057                   ;
;     -- arithmetic mode                      ; 0                      ;
;                                             ;                        ;
; Total registers*                            ; 512 / 51,509 ( < 1 % ) ;
;     -- Dedicated logic registers            ; 512 / 49,760 ( 1 % )   ;
;     -- I/O registers                        ; 0 / 1,749 ( 0 % )      ;
;                                             ;                        ;
; Total LABs:  partially or completely used   ; 71 / 3,110 ( 2 % )     ;
; Virtual pins                                ; 0                      ;
; I/O pins                                    ; 41 / 360 ( 11 % )      ;
;     -- Clock pins                           ; 3 / 8 ( 38 % )         ;
;     -- Dedicated input pins                 ; 1 / 1 ( 100 % )        ;
;                                             ;                        ;
; M9Ks                                        ; 0 / 182 ( 0 % )        ;
; UFM blocks                                  ; 0 / 1 ( 0 % )          ;
; ADC blocks                                  ; 0 / 2 ( 0 % )          ;
; Total block memory bits                     ; 0 / 1,677,312 ( 0 % )  ;
; Total block memory implementation bits      ; 0 / 1,677,312 ( 0 % )  ;
; Embedded Multiplier 9-bit elements          ; 0 / 288 ( 0 % )        ;
; PLLs                                        ; 0 / 4 ( 0 % )          ;
; Global signals                              ; 1                      ;
;     -- Global clocks                        ; 1 / 20 ( 5 % )         ;
; JTAGs                                       ; 0 / 1 ( 0 % )          ;
; CRC blocks                                  ; 0 / 1 ( 0 % )          ;
; Remote update blocks                        ; 0 / 1 ( 0 % )          ;
; Oscillator blocks                           ; 0 / 1 ( 0 % )          ;
; Impedance control blocks                    ; 0 / 1 ( 0 % )          ;
; Average interconnect usage (total/H/V)      ; 0.7% / 0.6% / 0.9%     ;
; Peak interconnect usage (total/H/V)         ; 10.1% / 9.4% / 13.0%   ;
; Maximum fan-out                             ; 512                    ;
; Highest non-global fan-out                  ; 190                    ;
; Total fan-out                               ; 5431                   ;
; Average fan-out                             ; 3.25                   ;
+---------------------------------------------+------------------------+
*  Register count does not include registers inside RAM blocks or DSP blocks.



+-----------------------------------------------------------------------------------------------------+
; Fitter Partition Statistics                                                                         ;
+---------------------------------------------+----------------------+--------------------------------+
; Statistic                                   ; Top                  ; hard_block:auto_generated_inst ;
+---------------------------------------------+----------------------+--------------------------------+
; Difficulty Clustering Region                ; Low                  ; Low                            ;
;                                             ;                      ;                                ;
; Total logic elements                        ; 1057 / 49760 ( 2 % ) ; 0 / 49760 ( 0 % )              ;
;     -- Combinational with no register       ; 545                  ; 0                              ;
;     -- Register only                        ; 0                    ; 0                              ;
;     -- Combinational with a register        ; 512                  ; 0                              ;
;                                             ;                      ;                                ;
; Logic element usage by number of LUT inputs ;                      ;                                ;
;     -- 4 input functions                    ; 693                  ; 0                              ;
;     -- 3 input functions                    ; 328                  ; 0                              ;
;     -- <=2 input functions                  ; 36                   ; 0                              ;
;     -- Register only                        ; 0                    ; 0                              ;
;                                             ;                      ;                                ;
; Logic elements by mode                      ;                      ;                                ;
;     -- normal mode                          ; 1057                 ; 0                              ;
;     -- arithmetic mode                      ; 0                    ; 0                              ;
;                                             ;                      ;                                ;
; Total registers                             ; 512                  ; 0                              ;
;     -- Dedicated logic registers            ; 512 / 49760 ( 1 % )  ; 0 / 49760 ( 0 % )              ;
;     -- I/O registers                        ; 0                    ; 0                              ;
;                                             ;                      ;                                ;
; Total LABs:  partially or completely used   ; 71 / 3110 ( 2 % )    ; 0 / 3110 ( 0 % )               ;
;                                             ;                      ;                                ;
; Virtual pins                                ; 0                    ; 0                              ;
; I/O pins                                    ; 41                   ; 0                              ;
; Embedded Multiplier 9-bit elements          ; 0 / 288 ( 0 % )      ; 0 / 288 ( 0 % )                ;
; Total memory bits                           ; 0                    ; 0                              ;
; Total RAM block bits                        ; 0                    ; 0                              ;
; Clock control block                         ; 1 / 24 ( 4 % )       ; 0 / 24 ( 0 % )                 ;
; User Flash Memory                           ; 1 / 1 ( 100 % )      ; 0 / 1 ( 0 % )                  ;
; Analog-to-Digital Converter                 ; 2 / 2 ( 100 % )      ; 0 / 2 ( 0 % )                  ;
;                                             ;                      ;                                ;
; Connections                                 ;                      ;                                ;
;     -- Input Connections                    ; 0                    ; 0                              ;
;     -- Registered Input Connections         ; 0                    ; 0                              ;
;     -- Output Connections                   ; 0                    ; 0                              ;
;     -- Registered Output Connections        ; 0                    ; 0                              ;
;                                             ;                      ;                                ;
; Internal Connections                        ;                      ;                                ;
;     -- Total Connections                    ; 5437                 ; 8                              ;
;     -- Registered Connections               ; 528                  ; 0                              ;
;                                             ;                      ;                                ;
; External Connections                        ;                      ;                                ;
;     -- Top                                  ; 0                    ; 0                              ;
;     -- hard_block:auto_generated_inst       ; 0                    ; 0                              ;
;                                             ;                      ;                                ;
; Partition Interface                         ;                      ;                                ;
;     -- Input Ports                          ; 25                   ; 0                              ;
;     -- Output Ports                         ; 16                   ; 0                              ;
;     -- Bidir Ports                          ; 0                    ; 0                              ;
;                                             ;                      ;                                ;
; Registered Ports                            ;                      ;                                ;
;     -- Registered Input Ports               ; 0                    ; 0                              ;
;     -- Registered Output Ports              ; 0                    ; 0                              ;
;                                             ;                      ;                                ;
; Port Connectivity                           ;                      ;                                ;
;     -- Input Ports driven by GND            ; 0                    ; 0                              ;
;     -- Output Ports driven by GND           ; 0                    ; 0                              ;
;     -- Input Ports driven by VCC            ; 0                    ; 0                              ;
;     -- Output Ports driven by VCC           ; 0                    ; 0                              ;
;     -- Input Ports with no Source           ; 0                    ; 0                              ;
;     -- Output Ports with no Source          ; 0                    ; 0                              ;
;     -- Input Ports with no Fanout           ; 0                    ; 0                              ;
;     -- Output Ports with no Fanout          ; 0                    ; 0                              ;
+---------------------------------------------+----------------------+--------------------------------+


+------------------------------------------------------------------------------------------------------------------------------------------------------------------------------------------------------------------------------------------------------------------------------------------------+
; Input Pins                                                                                                                                                                                                                                                                                     ;
+---------------+-------+----------+--------------+--------------+--------------+-----------------------+--------------------+--------+----------------+---------------+-----------------+----------+--------------+--------------+---------------------------+----------------------+-----------+
; Name          ; Pin # ; I/O Bank ; X coordinate ; Y coordinate ; Z coordinate ; Combinational Fan-Out ; Registered Fan-Out ; Global ; Input Register ; Power Up High ; PCI I/O Enabled ; Bus Hold ; Weak Pull Up ; I/O Standard ; Termination Control Block ; Location assigned by ; Slew Rate ;
+---------------+-------+----------+--------------+--------------+--------------+-----------------------+--------------------+--------+----------------+---------------+-----------------+----------+--------------+--------------+---------------------------+----------------------+-----------+
; address[0]    ; V12   ; 4        ; 38           ; 0            ; 21           ; 49                    ; 0                  ; no     ; no             ; no            ; yes             ; no       ; Off          ; 2.5 V        ; --                        ; Fitter               ; 0         ;
; address[1]    ; B11   ; 7        ; 49           ; 54           ; 7            ; 73                    ; 0                  ; no     ; no             ; no            ; yes             ; no       ; Off          ; 2.5 V        ; --                        ; Fitter               ; 0         ;
; address[2]    ; E11   ; 8        ; 36           ; 39           ; 14           ; 187                   ; 0                  ; no     ; no             ; no            ; yes             ; no       ; Off          ; 2.5 V        ; --                        ; Fitter               ; 0         ;
; address[3]    ; C8    ; 8        ; 36           ; 39           ; 28           ; 190                   ; 0                  ; no     ; no             ; no            ; yes             ; no       ; Off          ; 2.5 V        ; --                        ; Fitter               ; 0         ;
; address[4]    ; F22   ; 6        ; 78           ; 31           ; 0            ; 121                   ; 0                  ; no     ; no             ; no            ; yes             ; no       ; Off          ; 2.5 V        ; --                        ; Fitter               ; 0         ;
; address[5]    ; E10   ; 8        ; 36           ; 39           ; 21           ; 122                   ; 0                  ; no     ; no             ; no            ; yes             ; no       ; Off          ; 2.5 V        ; --                        ; Fitter               ; 0         ;
; clock         ; M8    ; 2        ; 0            ; 18           ; 14           ; 512                   ; 0                  ; yes    ; no             ; no            ; yes             ; no       ; Off          ; 2.5 V        ; --                        ; Fitter               ; 0         ;
; memRead       ; N18   ; 6        ; 78           ; 34           ; 22           ; 16                    ; 0                  ; no     ; no             ; no            ; yes             ; no       ; Off          ; 2.5 V        ; --                        ; Fitter               ; 0         ;
; memWrite      ; D8    ; 8        ; 31           ; 39           ; 0            ; 64                    ; 0                  ; no     ; no             ; no            ; yes             ; no       ; Off          ; 2.5 V        ; --                        ; Fitter               ; 0         ;
; writeData[0]  ; B4    ; 8        ; 26           ; 39           ; 21           ; 64                    ; 0                  ; no     ; no             ; no            ; yes             ; no       ; Off          ; 2.5 V        ; --                        ; Fitter               ; 0         ;
; writeData[10] ; C6    ; 8        ; 29           ; 39           ; 7            ; 63                    ; 0                  ; no     ; no             ; no            ; yes             ; no       ; Off          ; 2.5 V        ; --                        ; Fitter               ; 0         ;
; writeData[11] ; A6    ; 8        ; 34           ; 39           ; 28           ; 63                    ; 0                  ; no     ; no             ; no            ; yes             ; no       ; Off          ; 2.5 V        ; --                        ; Fitter               ; 0         ;
; writeData[12] ; C7    ; 8        ; 34           ; 39           ; 0            ; 63                    ; 0                  ; no     ; no             ; no            ; yes             ; no       ; Off          ; 2.5 V        ; --                        ; Fitter               ; 0         ;
; writeData[13] ; H11   ; 8        ; 34           ; 39           ; 14           ; 63                    ; 0                  ; no     ; no             ; no            ; yes             ; no       ; Off          ; 2.5 V        ; --                        ; Fitter               ; 0         ;
; writeData[14] ; E9    ; 8        ; 29           ; 39           ; 0            ; 63                    ; 0                  ; no     ; no             ; no            ; yes             ; no       ; Off          ; 2.5 V        ; --                        ; Fitter               ; 0         ;
; writeData[15] ; A4    ; 8        ; 31           ; 39           ; 21           ; 63                    ; 0                  ; no     ; no             ; no            ; yes             ; no       ; Off          ; 2.5 V        ; --                        ; Fitter               ; 0         ;
; writeData[1]  ; B5    ; 8        ; 26           ; 39           ; 28           ; 64                    ; 0                  ; no     ; no             ; no            ; yes             ; no       ; Off          ; 2.5 V        ; --                        ; Fitter               ; 0         ;
; writeData[2]  ; A2    ; 8        ; 26           ; 39           ; 0            ; 64                    ; 0                  ; no     ; no             ; no            ; yes             ; no       ; Off          ; 2.5 V        ; --                        ; Fitter               ; 0         ;
; writeData[3]  ; B7    ; 8        ; 34           ; 39           ; 21           ; 64                    ; 0                  ; no     ; no             ; no            ; yes             ; no       ; Off          ; 2.5 V        ; --                        ; Fitter               ; 0         ;
; writeData[4]  ; D10   ; 8        ; 31           ; 39           ; 28           ; 64                    ; 0                  ; no     ; no             ; no            ; yes             ; no       ; Off          ; 2.5 V        ; --                        ; Fitter               ; 0         ;
; writeData[5]  ; A5    ; 8        ; 31           ; 39           ; 14           ; 64                    ; 0                  ; no     ; no             ; no            ; yes             ; no       ; Off          ; 2.5 V        ; --                        ; Fitter               ; 0         ;
; writeData[6]  ; D9    ; 8        ; 31           ; 39           ; 7            ; 64                    ; 0                  ; no     ; no             ; no            ; yes             ; no       ; Off          ; 2.5 V        ; --                        ; Fitter               ; 0         ;
; writeData[7]  ; J10   ; 8        ; 34           ; 39           ; 7            ; 64                    ; 0                  ; no     ; no             ; no            ; yes             ; no       ; Off          ; 2.5 V        ; --                        ; Fitter               ; 0         ;
; writeData[8]  ; D7    ; 8        ; 29           ; 39           ; 14           ; 63                    ; 0                  ; no     ; no             ; no            ; yes             ; no       ; Off          ; 2.5 V        ; --                        ; Fitter               ; 0         ;
; writeData[9]  ; A3    ; 8        ; 26           ; 39           ; 7            ; 63                    ; 0                  ; no     ; no             ; no            ; yes             ; no       ; Off          ; 2.5 V        ; --                        ; Fitter               ; 0         ;
+---------------+-------+----------+--------------+--------------+--------------+-----------------------+--------------------+--------+----------------+---------------+-----------------+----------+--------------+--------------+---------------------------+----------------------+-----------+


+---------------------------------------------------------------------------------------------------------------------------------------------------------------------------------------------------------------------------------------------------------------------------------------------------------------------------------------------------------------------------------------------------------------------------------------------------------------+
; Output Pins                                                                                                                                                                                                                                                                                                                                                                                                                                                   ;
+--------------+-------+----------+--------------+--------------+--------------+-----------------+------------------------+---------------+-----------+-----------------+------------+---------------+----------+--------------+--------------+------------------+-----------------------------------+---------------------------+----------------------------+-----------------------------+----------------------+----------------------+---------------------+
; Name         ; Pin # ; I/O Bank ; X coordinate ; Y coordinate ; Z coordinate ; Output Register ; Output Enable Register ; Power Up High ; Slew Rate ; PCI I/O Enabled ; Open Drain ; TRI Primitive ; Bus Hold ; Weak Pull Up ; I/O Standard ; Current Strength ; Termination                       ; Termination Control Block ; Output Buffer Pre-emphasis ; Voltage Output Differential ; Location assigned by ; Output Enable Source ; Output Enable Group ;
+--------------+-------+----------+--------------+--------------+--------------+-----------------+------------------------+---------------+-----------+-----------------+------------+---------------+----------+--------------+--------------+------------------+-----------------------------------+---------------------------+----------------------------+-----------------------------+----------------------+----------------------+---------------------+
; readData[0]  ; B10   ; 7        ; 46           ; 54           ; 7            ; no              ; no                     ; no            ; 2         ; no              ; no         ; no            ; no       ; Off          ; 2.5 V        ; Default          ; Series 50 Ohm without Calibration ; --                        ; no                         ; no                          ; Fitter               ; -                    ; -                   ;
; readData[10] ; N19   ; 6        ; 78           ; 34           ; 14           ; no              ; no                     ; no            ; 2         ; no              ; no         ; no            ; no       ; Off          ; 2.5 V        ; Default          ; Series 50 Ohm without Calibration ; --                        ; no                         ; no                          ; Fitter               ; -                    ; -                   ;
; readData[11] ; A7    ; 7        ; 49           ; 54           ; 28           ; no              ; no                     ; no            ; 2         ; no              ; no         ; no            ; no       ; Off          ; 2.5 V        ; Default          ; Series 50 Ohm without Calibration ; --                        ; no                         ; no                          ; Fitter               ; -                    ; -                   ;
; readData[12] ; B8    ; 7        ; 46           ; 54           ; 28           ; no              ; no                     ; no            ; 2         ; no              ; no         ; no            ; no       ; Off          ; 2.5 V        ; Default          ; Series 50 Ohm without Calibration ; --                        ; no                         ; no                          ; Fitter               ; -                    ; -                   ;
; readData[13] ; B12   ; 7        ; 49           ; 54           ; 0            ; no              ; no                     ; no            ; 2         ; no              ; no         ; no            ; no       ; Off          ; 2.5 V        ; Default          ; Series 50 Ohm without Calibration ; --                        ; no                         ; no                          ; Fitter               ; -                    ; -                   ;
; readData[14] ; B3    ; 8        ; 26           ; 39           ; 14           ; no              ; no                     ; no            ; 2         ; no              ; no         ; no            ; no       ; Off          ; 2.5 V        ; Default          ; Series 50 Ohm without Calibration ; --                        ; no                         ; no                          ; Fitter               ; -                    ; -                   ;
; readData[15] ; AB12  ; 4        ; 40           ; 0            ; 21           ; no              ; no                     ; no            ; 2         ; no              ; no         ; no            ; no       ; Off          ; 2.5 V        ; Default          ; Series 50 Ohm without Calibration ; --                        ; no                         ; no                          ; Fitter               ; -                    ; -                   ;
; readData[1]  ; E8    ; 8        ; 24           ; 39           ; 7            ; no              ; no                     ; no            ; 2         ; no              ; no         ; no            ; no       ; Off          ; 2.5 V        ; Default          ; Series 50 Ohm without Calibration ; --                        ; no                         ; no                          ; Fitter               ; -                    ; -                   ;
; readData[2]  ; J11   ; 7        ; 49           ; 54           ; 21           ; no              ; no                     ; no            ; 2         ; no              ; no         ; no            ; no       ; Off          ; 2.5 V        ; Default          ; Series 50 Ohm without Calibration ; --                        ; no                         ; no                          ; Fitter               ; -                    ; -                   ;
; readData[3]  ; N20   ; 6        ; 78           ; 34           ; 0            ; no              ; no                     ; no            ; 2         ; no              ; no         ; no            ; no       ; Off          ; 2.5 V        ; Default          ; Series 50 Ohm without Calibration ; --                        ; no                         ; no                          ; Fitter               ; -                    ; -                   ;
; readData[4]  ; A9    ; 7        ; 46           ; 54           ; 21           ; no              ; no                     ; no            ; 2         ; no              ; no         ; no            ; no       ; Off          ; 2.5 V        ; Default          ; Series 50 Ohm without Calibration ; --                        ; no                         ; no                          ; Fitter               ; -                    ; -                   ;
; readData[5]  ; C9    ; 7        ; 46           ; 54           ; 14           ; no              ; no                     ; no            ; 2         ; no              ; no         ; no            ; no       ; Off          ; 2.5 V        ; Default          ; Series 50 Ohm without Calibration ; --                        ; no                         ; no                          ; Fitter               ; -                    ; -                   ;
; readData[6]  ; Y11   ; 4        ; 36           ; 0            ; 0            ; no              ; no                     ; no            ; 2         ; no              ; no         ; no            ; no       ; Off          ; 2.5 V        ; Default          ; Series 50 Ohm without Calibration ; --                        ; no                         ; no                          ; Fitter               ; -                    ; -                   ;
; readData[7]  ; P12   ; 4        ; 40           ; 0            ; 28           ; no              ; no                     ; no            ; 2         ; no              ; no         ; no            ; no       ; Off          ; 2.5 V        ; Default          ; Series 50 Ohm without Calibration ; --                        ; no                         ; no                          ; Fitter               ; -                    ; -                   ;
; readData[8]  ; F7    ; 8        ; 24           ; 39           ; 14           ; no              ; no                     ; no            ; 2         ; no              ; no         ; no            ; no       ; Off          ; 2.5 V        ; Default          ; Series 50 Ohm without Calibration ; --                        ; no                         ; no                          ; Fitter               ; -                    ; -                   ;
; readData[9]  ; A8    ; 7        ; 46           ; 54           ; 0            ; no              ; no                     ; no            ; 2         ; no              ; no         ; no            ; no       ; Off          ; 2.5 V        ; Default          ; Series 50 Ohm without Calibration ; --                        ; no                         ; no                          ; Fitter               ; -                    ; -                   ;
+--------------+-------+----------+--------------+--------------+--------------+-----------------+------------------------+---------------+-----------+-----------------+------------+---------------+----------+--------------+--------------+------------------+-----------------------------------+---------------------------+----------------------------+-----------------------------+----------------------+----------------------+---------------------+


+-----------------------------------------------------------------------------------------------------------------------------------------+
; Dual Purpose and Dedicated Pins                                                                                                         ;
+----------+----------------------------------------------------+--------------------------------+---------------------+------------------+
; Location ; Pin Name                                           ; Reserved As                    ; User Signal Name    ; Pin Type         ;
+----------+----------------------------------------------------+--------------------------------+---------------------+------------------+
; H2       ; DIFFIO_RX_L17n, DIFFOUT_L17n, TMS, Low_Speed       ; Reserved as secondary function ; ~ALTERA_TMS~        ; Dual Purpose Pin ;
; G2       ; DIFFIO_RX_L17p, DIFFOUT_L17p, TCK, Low_Speed       ; Reserved as secondary function ; ~ALTERA_TCK~        ; Dual Purpose Pin ;
; L4       ; DIFFIO_RX_L18n, DIFFOUT_L18n, TDI, Low_Speed       ; Reserved as secondary function ; ~ALTERA_TDI~        ; Dual Purpose Pin ;
; M5       ; DIFFIO_RX_L18p, DIFFOUT_L18p, TDO, Low_Speed       ; Reserved as secondary function ; ~ALTERA_TDO~        ; Dual Purpose Pin ;
; D9       ; DIFFIO_RX_T42n, DIFFOUT_T42n, DEV_CLRn, Low_Speed  ; Use as regular IO              ; writeData[6]        ; Dual Purpose Pin ;
; D10      ; DIFFIO_RX_T44p, DIFFOUT_T44p, DEV_OE, Low_Speed    ; Use as regular IO              ; writeData[4]        ; Dual Purpose Pin ;
; H10      ; CONFIG_SEL, Low_Speed                              ; Reserved as secondary function ; ~ALTERA_CONFIG_SEL~ ; Dual Purpose Pin ;
; H9       ; nCONFIG, Low_Speed                                 ; Reserved as secondary function ; ~ALTERA_nCONFIG~    ; Dual Purpose Pin ;
; F7       ; DIFFIO_RX_T48n, DIFFOUT_T48n, CRC_ERROR, Low_Speed ; Use as regular IO              ; readData[8]         ; Dual Purpose Pin ;
; G9       ; DIFFIO_RX_T50p, DIFFOUT_T50p, nSTATUS, Low_Speed   ; Reserved as secondary function ; ~ALTERA_nSTATUS~    ; Dual Purpose Pin ;
; F8       ; DIFFIO_RX_T50n, DIFFOUT_T50n, CONF_DONE, Low_Speed ; Reserved as secondary function ; ~ALTERA_CONF_DONE~  ; Dual Purpose Pin ;
+----------+----------------------------------------------------+--------------------------------+---------------------+------------------+


+------------------------------------------------------------+
; I/O Bank Usage                                             ;
+----------+------------------+---------------+--------------+
; I/O Bank ; Usage            ; VCCIO Voltage ; VREF Voltage ;
+----------+------------------+---------------+--------------+
; 1A       ; 0 / 16 ( 0 % )   ; 2.5V          ; --           ;
; 1B       ; 4 / 24 ( 17 % )  ; 2.5V          ; --           ;
; 2        ; 1 / 36 ( 3 % )   ; 2.5V          ; --           ;
; 3        ; 0 / 48 ( 0 % )   ; 2.5V          ; --           ;
; 4        ; 4 / 48 ( 8 % )   ; 2.5V          ; --           ;
; 5        ; 0 / 40 ( 0 % )   ; 2.5V          ; --           ;
; 6        ; 4 / 60 ( 7 % )   ; 2.5V          ; --           ;
; 7        ; 9 / 52 ( 17 % )  ; 2.5V          ; --           ;
; 8        ; 27 / 36 ( 75 % ) ; 2.5V          ; --           ;
+----------+------------------+---------------+--------------+


+---------------------------------------------------------------------------------------------------------------------------------------------------------------------------------------+
; All Package Pins                                                                                                                                                                      ;
+----------+------------+----------+------------------------------------------------+--------+-----------------------+---------+------------+-----------------+----------+--------------+
; Location ; Pad Number ; I/O Bank ; Pin Name/Usage                                 ; Dir.   ; I/O Standard          ; Voltage ; I/O Type   ; User Assignment ; Bus Hold ; Weak Pull Up ;
+----------+------------+----------+------------------------------------------------+--------+-----------------------+---------+------------+-----------------+----------+--------------+
; A1       ;            ;          ; GND                                            ; gnd    ;                       ;         ; --         ;                 ; --       ; --           ;
; A2       ; 481        ; 8        ; writeData[2]                                   ; input  ; 2.5 V                 ;         ; Column I/O ; N               ; no       ; Off          ;
; A3       ; 483        ; 8        ; writeData[9]                                   ; input  ; 2.5 V                 ;         ; Column I/O ; N               ; no       ; Off          ;
; A4       ; 475        ; 8        ; writeData[15]                                  ; input  ; 2.5 V                 ;         ; Column I/O ; N               ; no       ; Off          ;
; A5       ; 473        ; 8        ; writeData[5]                                   ; input  ; 2.5 V                 ;         ; Column I/O ; N               ; no       ; Off          ;
; A6       ; 471        ; 8        ; writeData[11]                                  ; input  ; 2.5 V                 ;         ; Column I/O ; N               ; no       ; Off          ;
; A7       ; 445        ; 7        ; readData[11]                                   ; output ; 2.5 V                 ;         ; Column I/O ; N               ; no       ; Off          ;
; A8       ; 447        ; 7        ; readData[9]                                    ; output ; 2.5 V                 ;         ; Column I/O ; N               ; no       ; Off          ;
; A9       ; 449        ; 7        ; readData[4]                                    ; output ; 2.5 V                 ;         ; Column I/O ; N               ; no       ; Off          ;
; A10      ; 439        ; 7        ; RESERVED_INPUT_WITH_WEAK_PULLUP                ;        ;                       ;         ; Column I/O ;                 ; no       ; On           ;
; A11      ; 437        ; 7        ; RESERVED_INPUT_WITH_WEAK_PULLUP                ;        ;                       ;         ; Column I/O ;                 ; no       ; On           ;
; A12      ; 435        ; 7        ; RESERVED_INPUT_WITH_WEAK_PULLUP                ;        ;                       ;         ; Column I/O ;                 ; no       ; On           ;
; A13      ; 433        ; 7        ; RESERVED_INPUT_WITH_WEAK_PULLUP                ;        ;                       ;         ; Column I/O ;                 ; no       ; On           ;
; A14      ; 425        ; 7        ; RESERVED_INPUT_WITH_WEAK_PULLUP                ;        ;                       ;         ; Column I/O ;                 ; no       ; On           ;
; A15      ; 421        ; 7        ; RESERVED_INPUT_WITH_WEAK_PULLUP                ;        ;                       ;         ; Column I/O ;                 ; no       ; On           ;
; A16      ; 419        ; 7        ; RESERVED_INPUT_WITH_WEAK_PULLUP                ;        ;                       ;         ; Column I/O ;                 ; no       ; On           ;
; A17      ; 407        ; 7        ; RESERVED_INPUT_WITH_WEAK_PULLUP                ;        ;                       ;         ; Column I/O ;                 ; no       ; On           ;
; A18      ; 405        ; 7        ; RESERVED_INPUT_WITH_WEAK_PULLUP                ;        ;                       ;         ; Column I/O ;                 ; no       ; On           ;
; A19      ; 403        ; 7        ; RESERVED_INPUT_WITH_WEAK_PULLUP                ;        ;                       ;         ; Column I/O ;                 ; no       ; On           ;
; A20      ; 401        ; 7        ; RESERVED_INPUT_WITH_WEAK_PULLUP                ;        ;                       ;         ; Column I/O ;                 ; no       ; On           ;
; A21      ; 371        ; 6        ; RESERVED_INPUT_WITH_WEAK_PULLUP                ;        ;                       ;         ; Row I/O    ;                 ; no       ; On           ;
; A22      ;            ;          ; GND                                            ; gnd    ;                       ;         ; --         ;                 ; --       ; --           ;
; AA1      ; 133        ; 3        ; RESERVED_INPUT_WITH_WEAK_PULLUP                ;        ;                       ;         ; Column I/O ;                 ; no       ; On           ;
; AA2      ; 135        ; 3        ; RESERVED_INPUT_WITH_WEAK_PULLUP                ;        ;                       ;         ; Column I/O ;                 ; no       ; On           ;
; AA3      ; 153        ; 3        ; RESERVED_INPUT_WITH_WEAK_PULLUP                ;        ;                       ;         ; Column I/O ;                 ; --       ; --           ;
; AA4      ;            ;          ; GND                                            ; gnd    ;                       ;         ; --         ;                 ; --       ; --           ;
; AA5      ; 157        ; 3        ; RESERVED_INPUT_WITH_WEAK_PULLUP                ;        ;                       ;         ; Column I/O ;                 ; no       ; On           ;
; AA6      ; 156        ; 3        ; RESERVED_INPUT_WITH_WEAK_PULLUP                ;        ;                       ;         ; Column I/O ;                 ; no       ; On           ;
; AA7      ; 158        ; 3        ; RESERVED_INPUT_WITH_WEAK_PULLUP                ;        ;                       ;         ; Column I/O ;                 ; no       ; On           ;
; AA8      ; 165        ; 3        ; RESERVED_INPUT_WITH_WEAK_PULLUP                ;        ;                       ;         ; Column I/O ;                 ; no       ; On           ;
; AA9      ; 169        ; 3        ; RESERVED_INPUT_WITH_WEAK_PULLUP                ;        ;                       ;         ; Column I/O ;                 ; no       ; On           ;
; AA10     ; 170        ; 3        ; RESERVED_INPUT_WITH_WEAK_PULLUP                ;        ;                       ;         ; Column I/O ;                 ; no       ; On           ;
; AA11     ; 180        ; 4        ; RESERVED_INPUT_WITH_WEAK_PULLUP                ;        ;                       ;         ; Column I/O ;                 ; no       ; On           ;
; AA12     ; 182        ; 4        ; RESERVED_INPUT_WITH_WEAK_PULLUP                ;        ;                       ;         ; Column I/O ;                 ; no       ; On           ;
; AA13     ; 197        ; 4        ; RESERVED_INPUT_WITH_WEAK_PULLUP                ;        ;                       ;         ; Column I/O ;                 ; --       ; --           ;
; AA14     ; 201        ; 4        ; RESERVED_INPUT_WITH_WEAK_PULLUP                ;        ;                       ;         ; Column I/O ;                 ; no       ; On           ;
; AA15     ; 205        ; 4        ; RESERVED_INPUT_WITH_WEAK_PULLUP                ;        ;                       ;         ; Column I/O ;                 ; no       ; On           ;
; AA16     ; 211        ; 4        ; RESERVED_INPUT_WITH_WEAK_PULLUP                ;        ;                       ;         ; Column I/O ;                 ; no       ; On           ;
; AA17     ; 212        ; 4        ; RESERVED_INPUT_WITH_WEAK_PULLUP                ;        ;                       ;         ; Column I/O ;                 ; no       ; On           ;
; AA18     ;            ;          ; GND                                            ; gnd    ;                       ;         ; --         ;                 ; --       ; --           ;
; AA19     ; 217        ; 4        ; RESERVED_INPUT_WITH_WEAK_PULLUP                ;        ;                       ;         ; Column I/O ;                 ; no       ; On           ;
; AA20     ; 227        ; 4        ; RESERVED_INPUT_WITH_WEAK_PULLUP                ;        ;                       ;         ; Column I/O ;                 ; no       ; On           ;
; AA21     ; 245        ; 5        ; RESERVED_INPUT_WITH_WEAK_PULLUP                ;        ;                       ;         ; Row I/O    ;                 ; no       ; On           ;
; AA22     ; 247        ; 5        ; RESERVED_INPUT_WITH_WEAK_PULLUP                ;        ;                       ;         ; Row I/O    ;                 ; no       ; On           ;
; AB1      ;            ;          ; GND                                            ; gnd    ;                       ;         ; --         ;                 ; --       ; --           ;
; AB2      ; 145        ; 3        ; RESERVED_INPUT_WITH_WEAK_PULLUP                ;        ;                       ;         ; Column I/O ;                 ; no       ; On           ;
; AB3      ; 147        ; 3        ; RESERVED_INPUT_WITH_WEAK_PULLUP                ;        ;                       ;         ; Column I/O ;                 ; no       ; On           ;
; AB4      ; 155        ; 3        ; RESERVED_INPUT_WITH_WEAK_PULLUP                ;        ;                       ;         ; Column I/O ;                 ; no       ; On           ;
; AB5      ; 159        ; 3        ; RESERVED_INPUT_WITH_WEAK_PULLUP                ;        ;                       ;         ; Column I/O ;                 ; no       ; On           ;
; AB6      ; 161        ; 3        ; RESERVED_INPUT_WITH_WEAK_PULLUP                ;        ;                       ;         ; Column I/O ;                 ; no       ; On           ;
; AB7      ; 163        ; 3        ; RESERVED_INPUT_WITH_WEAK_PULLUP                ;        ;                       ;         ; Column I/O ;                 ; no       ; On           ;
; AB8      ; 167        ; 3        ; RESERVED_INPUT_WITH_WEAK_PULLUP                ;        ;                       ;         ; Column I/O ;                 ; no       ; On           ;
; AB9      ; 171        ; 3        ; RESERVED_INPUT_WITH_WEAK_PULLUP                ;        ;                       ;         ; Column I/O ;                 ; no       ; On           ;
; AB10     ; 177        ; 4        ; RESERVED_INPUT_WITH_WEAK_PULLUP                ;        ;                       ;         ; Column I/O ;                 ; no       ; On           ;
; AB11     ; 179        ; 4        ; RESERVED_INPUT_WITH_WEAK_PULLUP                ;        ;                       ;         ; Column I/O ;                 ; no       ; On           ;
; AB12     ; 181        ; 4        ; readData[15]                                   ; output ; 2.5 V                 ;         ; Column I/O ; N               ; no       ; Off          ;
; AB13     ; 183        ; 4        ; RESERVED_INPUT_WITH_WEAK_PULLUP                ;        ;                       ;         ; Column I/O ;                 ; no       ; On           ;
; AB14     ; 199        ; 4        ; RESERVED_INPUT_WITH_WEAK_PULLUP                ;        ;                       ;         ; Column I/O ;                 ; no       ; On           ;
; AB15     ; 203        ; 4        ; RESERVED_INPUT_WITH_WEAK_PULLUP                ;        ;                       ;         ; Column I/O ;                 ; no       ; On           ;
; AB16     ; 209        ; 4        ; RESERVED_INPUT_WITH_WEAK_PULLUP                ;        ;                       ;         ; Column I/O ;                 ; no       ; On           ;
; AB17     ; 241        ; 4        ; RESERVED_INPUT_WITH_WEAK_PULLUP                ;        ;                       ;         ; Column I/O ;                 ; no       ; On           ;
; AB18     ; 243        ; 4        ; RESERVED_INPUT_WITH_WEAK_PULLUP                ;        ;                       ;         ; Column I/O ;                 ; no       ; On           ;
; AB19     ; 213        ; 4        ; RESERVED_INPUT_WITH_WEAK_PULLUP                ;        ;                       ;         ; Column I/O ;                 ; no       ; On           ;
; AB20     ; 215        ; 4        ; RESERVED_INPUT_WITH_WEAK_PULLUP                ;        ;                       ;         ; Column I/O ;                 ; no       ; On           ;
; AB21     ; 225        ; 4        ; RESERVED_INPUT_WITH_WEAK_PULLUP                ;        ;                       ;         ; Column I/O ;                 ; no       ; On           ;
; AB22     ;            ;          ; GND                                            ; gnd    ;                       ;         ; --         ;                 ; --       ; --           ;
; B1       ; 495        ; 8        ; RESERVED_INPUT_WITH_WEAK_PULLUP                ;        ;                       ;         ; Column I/O ;                 ; no       ; On           ;
; B2       ; 493        ; 8        ; RESERVED_INPUT_WITH_WEAK_PULLUP                ;        ;                       ;         ; Column I/O ;                 ; no       ; On           ;
; B3       ; 484        ; 8        ; readData[14]                                   ; output ; 2.5 V                 ;         ; Column I/O ; N               ; no       ; Off          ;
; B4       ; 486        ; 8        ; writeData[0]                                   ; input  ; 2.5 V                 ;         ; Column I/O ; N               ; no       ; Off          ;
; B5       ; 485        ; 8        ; writeData[1]                                   ; input  ; 2.5 V                 ;         ; Column I/O ; N               ; no       ; Off          ;
; B6       ;            ;          ; GND                                            ; gnd    ;                       ;         ; --         ;                 ; --       ; --           ;
; B7       ; 469        ; 8        ; writeData[3]                                   ; input  ; 2.5 V                 ;         ; Column I/O ; N               ; no       ; Off          ;
; B8       ; 451        ; 7        ; readData[12]                                   ; output ; 2.5 V                 ;         ; Column I/O ; N               ; no       ; Off          ;
; B9       ;            ;          ; GND                                            ; gnd    ;                       ;         ; --         ;                 ; --       ; --           ;
; B10      ; 448        ; 7        ; readData[0]                                    ; output ; 2.5 V                 ;         ; Column I/O ; N               ; no       ; Off          ;
; B11      ; 443        ; 7        ; address[1]                                     ; input  ; 2.5 V                 ;         ; Column I/O ; N               ; no       ; Off          ;
; B12      ; 441        ; 7        ; readData[13]                                   ; output ; 2.5 V                 ;         ; Column I/O ; N               ; no       ; Off          ;
; B13      ;            ;          ; GND                                            ; gnd    ;                       ;         ; --         ;                 ; --       ; --           ;
; B14      ; 427        ; 7        ; RESERVED_INPUT_WITH_WEAK_PULLUP                ;        ;                       ;         ; Column I/O ;                 ; no       ; On           ;
; B15      ; 423        ; 7        ; RESERVED_INPUT_WITH_WEAK_PULLUP                ;        ;                       ;         ; Column I/O ;                 ; --       ; --           ;
; B16      ; 417        ; 7        ; RESERVED_INPUT_WITH_WEAK_PULLUP                ;        ;                       ;         ; Column I/O ;                 ; no       ; On           ;
; B17      ; 402        ; 7        ; RESERVED_INPUT_WITH_WEAK_PULLUP                ;        ;                       ;         ; Column I/O ;                 ; no       ; On           ;
; B18      ;            ;          ; GND                                            ; gnd    ;                       ;         ; --         ;                 ; --       ; --           ;
; B19      ; 399        ; 7        ; RESERVED_INPUT_WITH_WEAK_PULLUP                ;        ;                       ;         ; Column I/O ;                 ; no       ; On           ;
; B20      ; 369        ; 6        ; RESERVED_INPUT_WITH_WEAK_PULLUP                ;        ;                       ;         ; Row I/O    ;                 ; no       ; On           ;
; B21      ; 367        ; 6        ; RESERVED_INPUT_WITH_WEAK_PULLUP                ;        ;                       ;         ; Row I/O    ;                 ; no       ; On           ;
; B22      ; 365        ; 6        ; RESERVED_INPUT_WITH_WEAK_PULLUP                ;        ;                       ;         ; Row I/O    ;                 ; no       ; On           ;
; C1       ; 33         ; 1B       ; RESERVED_INPUT_WITH_WEAK_PULLUP                ;        ;                       ;         ; Row I/O    ;                 ; --       ; --           ;
; C2       ; 499        ; 8        ; RESERVED_INPUT_WITH_WEAK_PULLUP                ;        ;                       ;         ; Column I/O ;                 ; no       ; On           ;
; C3       ; 497        ; 8        ; RESERVED_INPUT_WITH_WEAK_PULLUP                ;        ;                       ;         ; Column I/O ;                 ; no       ; On           ;
; C4       ; 487        ; 8        ; RESERVED_INPUT_WITH_WEAK_PULLUP                ;        ;                       ;         ; Column I/O ;                 ; no       ; On           ;
; C5       ; 489        ; 8        ; RESERVED_INPUT_WITH_WEAK_PULLUP                ;        ;                       ;         ; Column I/O ;                 ; no       ; On           ;
; C6       ; 477        ; 8        ; writeData[10]                                  ; input  ; 2.5 V                 ;         ; Column I/O ; N               ; no       ; Off          ;
; C7       ; 467        ; 8        ; writeData[12]                                  ; input  ; 2.5 V                 ;         ; Column I/O ; N               ; no       ; Off          ;
; C8       ; 465        ; 8        ; address[3]                                     ; input  ; 2.5 V                 ;         ; Column I/O ; N               ; no       ; Off          ;
; C9       ; 450        ; 7        ; readData[5]                                    ; output ; 2.5 V                 ;         ; Column I/O ; N               ; no       ; Off          ;
; C10      ; 442        ; 7        ; RESERVED_INPUT_WITH_WEAK_PULLUP                ;        ;                       ;         ; Column I/O ;                 ; no       ; On           ;
; C11      ; 440        ; 7        ; RESERVED_INPUT_WITH_WEAK_PULLUP                ;        ;                       ;         ; Column I/O ;                 ; no       ; On           ;
; C12      ; 436        ; 7        ; RESERVED_INPUT_WITH_WEAK_PULLUP                ;        ;                       ;         ; Column I/O ;                 ; no       ; On           ;
; C13      ; 426        ; 7        ; RESERVED_INPUT_WITH_WEAK_PULLUP                ;        ;                       ;         ; Column I/O ;                 ; no       ; On           ;
; C14      ; 424        ; 7        ; RESERVED_INPUT_WITH_WEAK_PULLUP                ;        ;                       ;         ; Column I/O ;                 ; no       ; On           ;
; C15      ; 418        ; 7        ; RESERVED_INPUT_WITH_WEAK_PULLUP                ;        ;                       ;         ; Column I/O ;                 ; no       ; On           ;
; C16      ; 416        ; 7        ; RESERVED_INPUT_WITH_WEAK_PULLUP                ;        ;                       ;         ; Column I/O ;                 ; no       ; On           ;
; C17      ; 391        ; 7        ; RESERVED_INPUT_WITH_WEAK_PULLUP                ;        ;                       ;         ; Column I/O ;                 ; no       ; On           ;
; C18      ; 400        ; 7        ; RESERVED_INPUT_WITH_WEAK_PULLUP                ;        ;                       ;         ; Column I/O ;                 ; no       ; On           ;
; C19      ; 397        ; 7        ; RESERVED_INPUT_WITH_WEAK_PULLUP                ;        ;                       ;         ; Column I/O ;                 ; no       ; On           ;
; C20      ; 357        ; 6        ; RESERVED_INPUT_WITH_WEAK_PULLUP                ;        ;                       ;         ; Row I/O    ;                 ; no       ; On           ;
; C21      ; 347        ; 6        ; RESERVED_INPUT_WITH_WEAK_PULLUP                ;        ;                       ;         ; Row I/O    ;                 ; no       ; On           ;
; C22      ; 343        ; 6        ; RESERVED_INPUT_WITH_WEAK_PULLUP                ;        ;                       ;         ; Row I/O    ;                 ; no       ; On           ;
; D1       ; 35         ; 1B       ; RESERVED_INPUT_WITH_WEAK_PULLUP                ;        ;                       ;         ; Row I/O    ;                 ; no       ; On           ;
; D2       ; 31         ; 1B       ; RESERVED_INPUT_WITH_WEAK_PULLUP                ;        ;                       ;         ; Row I/O    ;                 ; no       ; On           ;
; D3       ; 29         ; 1B       ; RESERVED_INPUT_WITH_WEAK_PULLUP                ;        ;                       ;         ; Row I/O    ;                 ; no       ; On           ;
; D4       ;            ;          ; GND                                            ; gnd    ;                       ;         ; --         ;                 ; --       ; --           ;
; D5       ; 491        ; 8        ; RESERVED_INPUT_WITH_WEAK_PULLUP                ;        ;                       ;         ; Column I/O ;                 ; no       ; On           ;
; D6       ; 496        ; 8        ; RESERVED_INPUT_WITH_WEAK_PULLUP                ;        ;                       ;         ; Column I/O ;                 ; no       ; On           ;
; D7       ; 479        ; 8        ; writeData[8]                                   ; input  ; 2.5 V                 ;         ; Column I/O ; N               ; no       ; Off          ;
; D8       ; 472        ; 8        ; memWrite                                       ; input  ; 2.5 V                 ;         ; Column I/O ; N               ; no       ; Off          ;
; D9       ; 474        ; 8        ; writeData[6]                                   ; input  ; 2.5 V                 ;         ; Column I/O ; N               ; no       ; Off          ;
; D10      ; 476        ; 8        ; writeData[4]                                   ; input  ; 2.5 V                 ;         ; Column I/O ; N               ; no       ; Off          ;
; D11      ;            ;          ; GND                                            ; gnd    ;                       ;         ; --         ;                 ; --       ; --           ;
; D12      ; 438        ; 7        ; RESERVED_INPUT_WITH_WEAK_PULLUP                ;        ;                       ;         ; Column I/O ;                 ; no       ; On           ;
; D13      ; 431        ; 7        ; RESERVED_INPUT_WITH_WEAK_PULLUP                ;        ;                       ;         ; Column I/O ;                 ; no       ; On           ;
; D14      ; 428        ; 7        ; RESERVED_INPUT_WITH_WEAK_PULLUP                ;        ;                       ;         ; Column I/O ;                 ; no       ; On           ;
; D15      ; 404        ; 7        ; RESERVED_INPUT_WITH_WEAK_PULLUP                ;        ;                       ;         ; Column I/O ;                 ; no       ; On           ;
; D16      ;            ;          ; GND                                            ; gnd    ;                       ;         ; --         ;                 ; --       ; --           ;
; D17      ; 389        ; 7        ; RESERVED_INPUT_WITH_WEAK_PULLUP                ;        ;                       ;         ; Column I/O ;                 ; no       ; On           ;
; D18      ; 385        ; 6        ; RESERVED_INPUT_WITH_WEAK_PULLUP                ;        ;                       ;         ; Row I/O    ;                 ; no       ; On           ;
; D19      ; 359        ; 6        ; RESERVED_INPUT_WITH_WEAK_PULLUP                ;        ;                       ;         ; Row I/O    ;                 ; no       ; On           ;
; D20      ;            ;          ; GND                                            ; gnd    ;                       ;         ; --         ;                 ; --       ; --           ;
; D21      ; 345        ; 6        ; RESERVED_INPUT_WITH_WEAK_PULLUP                ;        ;                       ;         ; Row I/O    ;                 ; --       ; --           ;
; D22      ; 341        ; 6        ; RESERVED_INPUT_WITH_WEAK_PULLUP                ;        ;                       ;         ; Row I/O    ;                 ; no       ; On           ;
; E1       ; 41         ; 1B       ; RESERVED_INPUT_WITH_WEAK_PULLUP                ;        ;                       ;         ; Row I/O    ;                 ; no       ; On           ;
; E2       ;            ;          ; GND                                            ; gnd    ;                       ;         ; --         ;                 ; --       ; --           ;
; E3       ; 3          ; 1A       ; RESERVED_INPUT_WITH_WEAK_PULLUP                ;        ;                       ;         ; Row I/O    ;                 ; no       ; On           ;
; E4       ; 1          ; 1A       ; RESERVED_INPUT_WITH_WEAK_PULLUP                ;        ;                       ;         ; Row I/O    ;                 ; no       ; On           ;
; E5       ;            ;          ; NC                                             ;        ;                       ;         ; --         ;                 ; --       ; --           ;
; E6       ; 498        ; 8        ; RESERVED_INPUT_WITH_WEAK_PULLUP                ;        ;                       ;         ; Column I/O ;                 ; no       ; On           ;
; E7       ;            ;          ; GND                                            ; gnd    ;                       ;         ; --         ;                 ; --       ; --           ;
; E8       ; 488        ; 8        ; readData[1]                                    ; output ; 2.5 V                 ;         ; Column I/O ; N               ; no       ; Off          ;
; E9       ; 478        ; 8        ; writeData[14]                                  ; input  ; 2.5 V                 ;         ; Column I/O ; N               ; no       ; Off          ;
; E10      ; 466        ; 8        ; address[5]                                     ; input  ; 2.5 V                 ;         ; Column I/O ; N               ; no       ; Off          ;
; E11      ; 464        ; 8        ; address[2]                                     ; input  ; 2.5 V                 ;         ; Column I/O ; N               ; no       ; Off          ;
; E12      ; 429        ; 7        ; RESERVED_INPUT_WITH_WEAK_PULLUP                ;        ;                       ;         ; Column I/O ;                 ; no       ; On           ;
; E13      ; 430        ; 7        ; RESERVED_INPUT_WITH_WEAK_PULLUP                ;        ;                       ;         ; Column I/O ;                 ; no       ; On           ;
; E14      ; 406        ; 7        ; RESERVED_INPUT_WITH_WEAK_PULLUP                ;        ;                       ;         ; Column I/O ;                 ; no       ; On           ;
; E15      ; 390        ; 7        ; RESERVED_INPUT_WITH_WEAK_PULLUP                ;        ;                       ;         ; Column I/O ;                 ; no       ; On           ;
; E16      ; 388        ; 7        ; RESERVED_INPUT_WITH_WEAK_PULLUP                ;        ;                       ;         ; Column I/O ;                 ; no       ; On           ;
; E17      ; 366        ; 6        ; RESERVED_INPUT_WITH_WEAK_PULLUP                ;        ;                       ;         ; Row I/O    ;                 ; no       ; On           ;
; E18      ; 387        ; 6        ; RESERVED_INPUT_WITH_WEAK_PULLUP                ;        ;                       ;         ; Row I/O    ;                 ; no       ; On           ;
; E19      ; 352        ; 6        ; RESERVED_INPUT_WITH_WEAK_PULLUP                ;        ;                       ;         ; Row I/O    ;                 ; no       ; On           ;
; E20      ; 355        ; 6        ; RESERVED_INPUT_WITH_WEAK_PULLUP                ;        ;                       ;         ; Row I/O    ;                 ; no       ; On           ;
; E21      ; 335        ; 6        ; RESERVED_INPUT_WITH_WEAK_PULLUP                ;        ;                       ;         ; Row I/O    ;                 ; no       ; On           ;
; E22      ; 333        ; 6        ; RESERVED_INPUT_WITH_WEAK_PULLUP                ;        ;                       ;         ; Row I/O    ;                 ; no       ; On           ;
; F1       ; 47         ; 1B       ; RESERVED_INPUT_WITH_WEAK_PULLUP                ;        ;                       ;         ; Row I/O    ;                 ; no       ; On           ;
; F2       ; 43         ; 1B       ; RESERVED_INPUT_WITH_WEAK_PULLUP                ;        ;                       ;         ; Row I/O    ;                 ; no       ; On           ;
; F3       ; 7          ; 1A       ; RESERVED_INPUT_WITH_WEAK_PULLUP                ;        ;                       ;         ; Row I/O    ;                 ; no       ; On           ;
; F4       ; 2          ; 1A       ; RESERVED_INPUT_WITH_WEAK_PULLUP                ;        ;                       ;         ; Row I/O    ;                 ; no       ; On           ;
; F5       ; 0          ; 1A       ; RESERVED_INPUT_WITH_WEAK_PULLUP                ;        ;                       ;         ; Row I/O    ;                 ; no       ; On           ;
; F6       ;            ;          ; NC                                             ;        ;                       ;         ; --         ;                 ; --       ; --           ;
; F7       ; 490        ; 8        ; readData[8]                                    ; output ; 2.5 V                 ;         ; Column I/O ; N               ; no       ; Off          ;
; F8       ; 494        ; 8        ; ~ALTERA_CONF_DONE~ / RESERVED_INPUT            ; input  ; 2.5 V Schmitt Trigger ;         ; Column I/O ; N               ; no       ; Off          ;
; F9       ;            ; 8        ; VCCIO8                                         ; power  ;                       ; 2.5V    ; --         ;                 ; --       ; --           ;
; F10      ;            ;          ; GND                                            ; gnd    ;                       ;         ; --         ;                 ; --       ; --           ;
; F11      ;            ; 8        ; VCCIO8                                         ; power  ;                       ; 2.5V    ; --         ;                 ; --       ; --           ;
; F12      ;            ; 7        ; VCCIO7                                         ; power  ;                       ; 2.5V    ; --         ;                 ; --       ; --           ;
; F13      ;            ;          ; GND                                            ; gnd    ;                       ;         ; --         ;                 ; --       ; --           ;
; F14      ;            ; 7        ; VCCIO7                                         ; power  ;                       ; 2.5V    ; --         ;                 ; --       ; --           ;
; F15      ; 398        ; 7        ; RESERVED_INPUT_WITH_WEAK_PULLUP                ;        ;                       ;         ; Column I/O ;                 ; no       ; On           ;
; F16      ; 396        ; 7        ; RESERVED_INPUT_WITH_WEAK_PULLUP                ;        ;                       ;         ; Column I/O ;                 ; no       ; On           ;
; F17      ; 364        ; 6        ; RESERVED_INPUT_WITH_WEAK_PULLUP                ;        ;                       ;         ; Row I/O    ;                 ; no       ; On           ;
; F18      ; 354        ; 6        ; RESERVED_INPUT_WITH_WEAK_PULLUP                ;        ;                       ;         ; Row I/O    ;                 ; no       ; On           ;
; F19      ; 353        ; 6        ; RESERVED_INPUT_WITH_WEAK_PULLUP                ;        ;                       ;         ; Row I/O    ;                 ; no       ; On           ;
; F20      ; 342        ; 6        ; RESERVED_INPUT_WITH_WEAK_PULLUP                ;        ;                       ;         ; Row I/O    ;                 ; no       ; On           ;
; F21      ; 340        ; 6        ; RESERVED_INPUT_WITH_WEAK_PULLUP                ;        ;                       ;         ; Row I/O    ;                 ; no       ; On           ;
; F22      ; 331        ; 6        ; address[4]                                     ; input  ; 2.5 V                 ;         ; Row I/O    ; N               ; no       ; Off          ;
; G1       ; 45         ; 1B       ; RESERVED_INPUT_WITH_WEAK_PULLUP                ;        ;                       ;         ; Row I/O    ;                 ; no       ; On           ;
; G2       ; 34         ; 1B       ; ~ALTERA_TCK~ / RESERVED_INPUT                  ; input  ; 2.5 V Schmitt Trigger ;         ; Row I/O    ; N               ; no       ; Off          ;
; G3       ; 11         ; 1A       ; RESERVED_INPUT_WITH_WEAK_PULLUP                ;        ;                       ;         ; Row I/O    ;                 ; no       ; On           ;
; G4       ; 5          ; 1A       ; RESERVED_INPUT_WITH_WEAK_PULLUP                ;        ;                       ;         ; Row I/O    ;                 ; no       ; On           ;
; G5       ;            ;          ; ANAIN1                                         ;        ;                       ;         ; --         ;                 ; --       ; --           ;
; G6       ;            ;          ; GND                                            ; gnd    ;                       ;         ; --         ;                 ; --       ; --           ;
; G7       ;            ;          ; VCCD_PLL3                                      ; power  ;                       ; 1.2V    ; --         ;                 ; --       ; --           ;
; G8       ;            ;          ; GND                                            ; gnd    ;                       ;         ; --         ;                 ; --       ; --           ;
; G9       ; 492        ; 8        ; ~ALTERA_nSTATUS~ / RESERVED_INPUT              ; input  ; 2.5 V Schmitt Trigger ;         ; Column I/O ; N               ; no       ; Off          ;
; G10      ;            ; 8        ; VCCIO8                                         ; power  ;                       ; 2.5V    ; --         ;                 ; --       ; --           ;
; G11      ;            ; 8        ; VCCIO8                                         ; power  ;                       ; 2.5V    ; --         ;                 ; --       ; --           ;
; G12      ;            ; 7        ; VCCIO7                                         ; power  ;                       ; 2.5V    ; --         ;                 ; --       ; --           ;
; G13      ;            ; 7        ; VCCIO7                                         ; power  ;                       ; 2.5V    ; --         ;                 ; --       ; --           ;
; G14      ;            ; 7        ; VCCIO7                                         ; power  ;                       ; 2.5V    ; --         ;                 ; --       ; --           ;
; G15      ;            ;          ; GND                                            ; gnd    ;                       ;         ; --         ;                 ; --       ; --           ;
; G16      ;            ;          ; VCCD_PLL2                                      ; power  ;                       ; 1.2V    ; --         ;                 ; --       ; --           ;
; G17      ; 386        ; 6        ; RESERVED_INPUT_WITH_WEAK_PULLUP                ;        ;                       ;         ; Row I/O    ;                 ; no       ; On           ;
; G18      ;            ;          ; GND                                            ; gnd    ;                       ;         ; --         ;                 ; --       ; --           ;
; G19      ; 330        ; 6        ; RESERVED_INPUT_WITH_WEAK_PULLUP                ;        ;                       ;         ; Row I/O    ;                 ; no       ; On           ;
; G20      ; 328        ; 6        ; RESERVED_INPUT_WITH_WEAK_PULLUP                ;        ;                       ;         ; Row I/O    ;                 ; no       ; On           ;
; G21      ;            ;          ; GND                                            ; gnd    ;                       ;         ; --         ;                 ; --       ; --           ;
; G22      ; 329        ; 6        ; RESERVED_INPUT_WITH_WEAK_PULLUP                ;        ;                       ;         ; Row I/O    ;                 ; no       ; On           ;
; H1       ; 44         ; 1B       ; RESERVED_INPUT_WITH_WEAK_PULLUP                ;        ;                       ;         ; Row I/O    ;                 ; no       ; On           ;
; H2       ; 32         ; 1B       ; ~ALTERA_TMS~ / RESERVED_INPUT_WITH_WEAK_PULLUP ; input  ; 2.5 V Schmitt Trigger ;         ; Row I/O    ; N               ; no       ; On           ;
; H3       ; 10         ; 1A       ; RESERVED_INPUT_WITH_WEAK_PULLUP                ;        ;                       ;         ; Row I/O    ;                 ; no       ; On           ;
; H4       ; 9          ; 1A       ; RESERVED_INPUT_WITH_WEAK_PULLUP                ;        ;                       ;         ; Row I/O    ;                 ; no       ; On           ;
; H5       ;            ;          ; REFGND                                         ;        ;                       ;         ; --         ;                 ; --       ; --           ;
; H6       ;            ;          ; ADC_VREF                                       ;        ;                       ;         ; --         ;                 ; --       ; --           ;
; H7       ;            ; --       ; VCCA_ADC                                       ; power  ;                       ; 2.5V    ; --         ;                 ; --       ; --           ;
; H8       ;            ; --       ; VCCA3                                          ; power  ;                       ; 2.5V    ; --         ;                 ; --       ; --           ;
; H9       ; 482        ; 8        ; ~ALTERA_nCONFIG~ / RESERVED_INPUT              ; input  ; 2.5 V Schmitt Trigger ;         ; Column I/O ; N               ; no       ; Off          ;
; H10      ; 480        ; 8        ; ~ALTERA_CONFIG_SEL~ / RESERVED_INPUT           ; input  ; 2.5 V                 ;         ; Column I/O ; N               ; no       ; Off          ;
; H11      ; 470        ; 8        ; writeData[13]                                  ; input  ; 2.5 V                 ;         ; Column I/O ; N               ; no       ; Off          ;
; H12      ; 444        ; 7        ; RESERVED_INPUT_WITH_WEAK_PULLUP                ;        ;                       ;         ; Column I/O ;                 ; no       ; On           ;
; H13      ; 432        ; 7        ; RESERVED_INPUT_WITH_WEAK_PULLUP                ;        ;                       ;         ; Column I/O ;                 ; no       ; On           ;
; H14      ; 420        ; 7        ; RESERVED_INPUT_WITH_WEAK_PULLUP                ;        ;                       ;         ; Column I/O ;                 ; no       ; On           ;
; H15      ;            ; --       ; VCCA2                                          ; power  ;                       ; 2.5V    ; --         ;                 ; --       ; --           ;
; H16      ;            ; 6        ; VCCIO6                                         ; power  ;                       ; 2.5V    ; --         ;                 ; --       ; --           ;
; H17      ; 384        ; 6        ; RESERVED_INPUT_WITH_WEAK_PULLUP                ;        ;                       ;         ; Row I/O    ;                 ; no       ; On           ;
; H18      ; 374        ; 6        ; RESERVED_INPUT_WITH_WEAK_PULLUP                ;        ;                       ;         ; Row I/O    ;                 ; no       ; On           ;
; H19      ; 372        ; 6        ; RESERVED_INPUT_WITH_WEAK_PULLUP                ;        ;                       ;         ; Row I/O    ;                 ; no       ; On           ;
; H20      ; 375        ; 6        ; RESERVED_INPUT_WITH_WEAK_PULLUP                ;        ;                       ;         ; Row I/O    ;                 ; no       ; On           ;
; H21      ; 323        ; 6        ; RESERVED_INPUT_WITH_WEAK_PULLUP                ;        ;                       ;         ; Row I/O    ;                 ; no       ; On           ;
; H22      ; 321        ; 6        ; RESERVED_INPUT_WITH_WEAK_PULLUP                ;        ;                       ;         ; Row I/O    ;                 ; no       ; On           ;
; J1       ; 46         ; 1B       ; RESERVED_INPUT_WITH_WEAK_PULLUP                ;        ;                       ;         ; Row I/O    ;                 ; no       ; On           ;
; J2       ;            ;          ; GND                                            ; gnd    ;                       ;         ; --         ;                 ; --       ; --           ;
; J3       ; 15         ; 1A       ; RESERVED_INPUT_WITH_WEAK_PULLUP                ;        ;                       ;         ; Row I/O    ;                 ; no       ; On           ;
; J4       ; 8          ; 1A       ; RESERVED_INPUT_WITH_WEAK_PULLUP                ;        ;                       ;         ; Row I/O    ;                 ; no       ; On           ;
; J5       ;            ;          ; ANAIN2                                         ;        ;                       ;         ; --         ;                 ; --       ; --           ;
; J6       ;            ;          ; GND                                            ; gnd    ;                       ;         ; --         ;                 ; --       ; --           ;
; J7       ;            ;          ; VCCINT                                         ; power  ;                       ; 1.2V    ; --         ;                 ; --       ; --           ;
; J8       ; 4          ; 1A       ; RESERVED_INPUT_WITH_WEAK_PULLUP                ;        ;                       ;         ; Row I/O    ;                 ; no       ; On           ;
; J9       ; 6          ; 1A       ; RESERVED_INPUT_WITH_WEAK_PULLUP                ;        ;                       ;         ; Row I/O    ;                 ; no       ; On           ;
; J10      ; 468        ; 8        ; writeData[7]                                   ; input  ; 2.5 V                 ;         ; Column I/O ; N               ; no       ; Off          ;
; J11      ; 446        ; 7        ; readData[2]                                    ; output ; 2.5 V                 ;         ; Column I/O ; N               ; no       ; Off          ;
; J12      ; 434        ; 7        ; RESERVED_INPUT_WITH_WEAK_PULLUP                ;        ;                       ;         ; Column I/O ;                 ; no       ; On           ;
; J13      ; 422        ; 7        ; RESERVED_INPUT_WITH_WEAK_PULLUP                ;        ;                       ;         ; Column I/O ;                 ; no       ; On           ;
; J14      ; 368        ; 6        ; RESERVED_INPUT_WITH_WEAK_PULLUP                ;        ;                       ;         ; Row I/O    ;                 ; no       ; On           ;
; J15      ; 370        ; 6        ; RESERVED_INPUT_WITH_WEAK_PULLUP                ;        ;                       ;         ; Row I/O    ;                 ; no       ; On           ;
; J16      ;            ;          ; GND                                            ; gnd    ;                       ;         ; --         ;                 ; --       ; --           ;
; J17      ;            ; 6        ; VCCIO6                                         ; power  ;                       ; 2.5V    ; --         ;                 ; --       ; --           ;
; J18      ; 362        ; 6        ; RESERVED_INPUT_WITH_WEAK_PULLUP                ;        ;                       ;         ; Row I/O    ;                 ; no       ; On           ;
; J19      ;            ;          ; GND                                            ; gnd    ;                       ;         ; --         ;                 ; --       ; --           ;
; J20      ; 373        ; 6        ; RESERVED_INPUT_WITH_WEAK_PULLUP                ;        ;                       ;         ; Row I/O    ;                 ; no       ; On           ;
; J21      ; 327        ; 6        ; RESERVED_INPUT_WITH_WEAK_PULLUP                ;        ;                       ;         ; Row I/O    ;                 ; no       ; On           ;
; J22      ; 325        ; 6        ; RESERVED_INPUT_WITH_WEAK_PULLUP                ;        ;                       ;         ; Row I/O    ;                 ; no       ; On           ;
; K1       ; 49         ; 1B       ; RESERVED_INPUT_WITH_WEAK_PULLUP                ;        ;                       ;         ; Row I/O    ;                 ; no       ; On           ;
; K2       ; 37         ; 1B       ; RESERVED_INPUT_WITH_WEAK_PULLUP                ;        ;                       ;         ; Row I/O    ;                 ; no       ; On           ;
; K3       ;            ;          ; GND                                            ; gnd    ;                       ;         ; --         ;                 ; --       ; --           ;
; K4       ; 13         ; 1A       ; RESERVED_INPUT_WITH_WEAK_PULLUP                ;        ;                       ;         ; Row I/O    ;                 ; no       ; On           ;
; K5       ; 12         ; 1A       ; RESERVED_INPUT_WITH_WEAK_PULLUP                ;        ;                       ;         ; Row I/O    ;                 ; no       ; On           ;
; K6       ; 14         ; 1A       ; RESERVED_INPUT_WITH_WEAK_PULLUP                ;        ;                       ;         ; Row I/O    ;                 ; no       ; On           ;
; K7       ;            ; 1A       ; VCCIO1A                                        ; power  ;                       ; 2.5V    ; --         ;                 ; --       ; --           ;
; K8       ; 28         ; 1B       ; RESERVED_INPUT_WITH_WEAK_PULLUP                ;        ;                       ;         ; Row I/O    ;                 ; no       ; On           ;
; K9       ; 30         ; 1B       ; RESERVED_INPUT_WITH_WEAK_PULLUP                ;        ;                       ;         ; Row I/O    ;                 ; no       ; On           ;
; K10      ;            ;          ; GND                                            ; gnd    ;                       ;         ; --         ;                 ; --       ; --           ;
; K11      ;            ; --       ; VCC                                            ; power  ;                       ; 1.2V    ; --         ;                 ; --       ; --           ;
; K12      ;            ;          ; GND                                            ; gnd    ;                       ;         ; --         ;                 ; --       ; --           ;
; K13      ;            ; --       ; VCC                                            ; power  ;                       ; 1.2V    ; --         ;                 ; --       ; --           ;
; K14      ; 356        ; 6        ; RESERVED_INPUT_WITH_WEAK_PULLUP                ;        ;                       ;         ; Row I/O    ;                 ; no       ; On           ;
; K15      ; 358        ; 6        ; RESERVED_INPUT_WITH_WEAK_PULLUP                ;        ;                       ;         ; Row I/O    ;                 ; no       ; On           ;
; K16      ;            ; 6        ; VCCIO6                                         ; power  ;                       ; 2.5V    ; --         ;                 ; --       ; --           ;
; K17      ;            ; 6        ; VCCIO6                                         ; power  ;                       ; 2.5V    ; --         ;                 ; --       ; --           ;
; K18      ; 360        ; 6        ; RESERVED_INPUT_WITH_WEAK_PULLUP                ;        ;                       ;         ; Row I/O    ;                 ; no       ; On           ;
; K19      ; 361        ; 6        ; RESERVED_INPUT_WITH_WEAK_PULLUP                ;        ;                       ;         ; Row I/O    ;                 ; no       ; On           ;
; K20      ; 363        ; 6        ; RESERVED_INPUT_WITH_WEAK_PULLUP                ;        ;                       ;         ; Row I/O    ;                 ; no       ; On           ;
; K21      ; 326        ; 6        ; RESERVED_INPUT_WITH_WEAK_PULLUP                ;        ;                       ;         ; Row I/O    ;                 ; no       ; On           ;
; K22      ; 324        ; 6        ; RESERVED_INPUT_WITH_WEAK_PULLUP                ;        ;                       ;         ; Row I/O    ;                 ; no       ; On           ;
; L1       ; 51         ; 1B       ; RESERVED_INPUT_WITH_WEAK_PULLUP                ;        ;                       ;         ; Row I/O    ;                 ; no       ; On           ;
; L2       ; 39         ; 1B       ; RESERVED_INPUT_WITH_WEAK_PULLUP                ;        ;                       ;         ; Row I/O    ;                 ; no       ; On           ;
; L3       ;            ;          ; DNU                                            ;        ;                       ;         ; --         ;                 ; --       ; --           ;
; L4       ; 36         ; 1B       ; ~ALTERA_TDI~ / RESERVED_INPUT_WITH_WEAK_PULLUP ; input  ; 2.5 V Schmitt Trigger ;         ; Row I/O    ; N               ; no       ; On           ;
; L5       ;            ;          ; GND                                            ; gnd    ;                       ;         ; --         ;                 ; --       ; --           ;
; L6       ;            ; 1A       ; VCCIO1A                                        ; power  ;                       ; 2.5V    ; --         ;                 ; --       ; --           ;
; L7       ;            ; 1B       ; VCCIO1B                                        ; power  ;                       ; 2.5V    ; --         ;                 ; --       ; --           ;
; L8       ; 40         ; 1B       ; RESERVED_INPUT_WITH_WEAK_PULLUP                ;        ;                       ;         ; Row I/O    ;                 ; no       ; On           ;
; L9       ; 42         ; 1B       ; RESERVED_INPUT_WITH_WEAK_PULLUP                ;        ;                       ;         ; Row I/O    ;                 ; no       ; On           ;
; L10      ;            ; --       ; VCC                                            ; power  ;                       ; 1.2V    ; --         ;                 ; --       ; --           ;
; L11      ;            ; --       ; VCC                                            ; power  ;                       ; 1.2V    ; --         ;                 ; --       ; --           ;
; L12      ;            ; --       ; VCC                                            ; power  ;                       ; 1.2V    ; --         ;                 ; --       ; --           ;
; L13      ;            ;          ; GND                                            ; gnd    ;                       ;         ; --         ;                 ; --       ; --           ;
; L14      ; 344        ; 6        ; RESERVED_INPUT_WITH_WEAK_PULLUP                ;        ;                       ;         ; Row I/O    ;                 ; no       ; On           ;
; L15      ; 346        ; 6        ; RESERVED_INPUT_WITH_WEAK_PULLUP                ;        ;                       ;         ; Row I/O    ;                 ; no       ; On           ;
; L16      ;            ; 6        ; VCCIO6                                         ; power  ;                       ; 2.5V    ; --         ;                 ; --       ; --           ;
; L17      ;            ;          ; GND                                            ; gnd    ;                       ;         ; --         ;                 ; --       ; --           ;
; L18      ; 350        ; 6        ; RESERVED_INPUT_WITH_WEAK_PULLUP                ;        ;                       ;         ; Row I/O    ;                 ; no       ; On           ;
; L19      ; 349        ; 6        ; RESERVED_INPUT_WITH_WEAK_PULLUP                ;        ;                       ;         ; Row I/O    ;                 ; no       ; On           ;
; L20      ; 351        ; 6        ; RESERVED_INPUT_WITH_WEAK_PULLUP                ;        ;                       ;         ; Row I/O    ;                 ; no       ; On           ;
; L21      ;            ;          ; GND                                            ; gnd    ;                       ;         ; --         ;                 ; --       ; --           ;
; L22      ; 314        ; 5        ; RESERVED_INPUT_WITH_WEAK_PULLUP                ;        ;                       ;         ; Row I/O    ;                 ; no       ; On           ;
; M1       ; 79         ; 2        ; RESERVED_INPUT_WITH_WEAK_PULLUP                ;        ;                       ;         ; Row I/O    ;                 ; no       ; On           ;
; M2       ; 77         ; 2        ; RESERVED_INPUT_WITH_WEAK_PULLUP                ;        ;                       ;         ; Row I/O    ;                 ; --       ; --           ;
; M3       ; 50         ; 1B       ; RESERVED_INPUT_WITH_WEAK_PULLUP                ;        ;                       ;         ; Row I/O    ;                 ; no       ; On           ;
; M4       ; 48         ; 1B       ; RESERVED_INPUT_WITH_WEAK_PULLUP                ;        ;                       ;         ; Row I/O    ;                 ; no       ; On           ;
; M5       ; 38         ; 1B       ; ~ALTERA_TDO~                                   ; output ; 2.5 V                 ;         ; Row I/O    ; N               ; no       ; Off          ;
; M6       ;            ; 1B       ; VCCIO1B                                        ; power  ;                       ; 2.5V    ; --         ;                 ; --       ; --           ;
; M7       ;            ;          ; GND                                            ; gnd    ;                       ;         ; --         ;                 ; --       ; --           ;
; M8       ; 72         ; 2        ; clock                                          ; input  ; 2.5 V                 ;         ; Row I/O    ; N               ; no       ; Off          ;
; M9       ; 74         ; 2        ; RESERVED_INPUT_WITH_WEAK_PULLUP                ;        ;                       ;         ; Row I/O    ;                 ; no       ; On           ;
; M10      ;            ;          ; GND                                            ; gnd    ;                       ;         ; --         ;                 ; --       ; --           ;
; M11      ;            ; --       ; VCC                                            ; power  ;                       ; 1.2V    ; --         ;                 ; --       ; --           ;
; M12      ;            ; --       ; VCC                                            ; power  ;                       ; 1.2V    ; --         ;                 ; --       ; --           ;
; M13      ;            ; --       ; VCC                                            ; power  ;                       ; 1.2V    ; --         ;                 ; --       ; --           ;
; M14      ; 334        ; 6        ; RESERVED_INPUT_WITH_WEAK_PULLUP                ;        ;                       ;         ; Row I/O    ;                 ; no       ; On           ;
; M15      ; 332        ; 6        ; RESERVED_INPUT_WITH_WEAK_PULLUP                ;        ;                       ;         ; Row I/O    ;                 ; no       ; On           ;
; M16      ;            ;          ; GND                                            ; gnd    ;                       ;         ; --         ;                 ; --       ; --           ;
; M17      ;            ; 6        ; VCCIO6                                         ; power  ;                       ; 2.5V    ; --         ;                 ; --       ; --           ;
; M18      ; 348        ; 6        ; RESERVED_INPUT_WITH_WEAK_PULLUP                ;        ;                       ;         ; Row I/O    ;                 ; no       ; On           ;
; M19      ;            ;          ; GND                                            ; gnd    ;                       ;         ; --         ;                 ; --       ; --           ;
; M20      ; 337        ; 6        ; RESERVED_INPUT_WITH_WEAK_PULLUP                ;        ;                       ;         ; Row I/O    ;                 ; no       ; On           ;
; M21      ; 312        ; 5        ; RESERVED_INPUT_WITH_WEAK_PULLUP                ;        ;                       ;         ; Row I/O    ;                 ; no       ; On           ;
; M22      ; 315        ; 5        ; RESERVED_INPUT_WITH_WEAK_PULLUP                ;        ;                       ;         ; Row I/O    ;                 ; no       ; On           ;
; N1       ; 87         ; 2        ; RESERVED_INPUT_WITH_WEAK_PULLUP                ;        ;                       ;         ; Row I/O    ;                 ; no       ; On           ;
; N2       ; 75         ; 2        ; RESERVED_INPUT_WITH_WEAK_PULLUP                ;        ;                       ;         ; Row I/O    ;                 ; no       ; On           ;
; N3       ; 73         ; 2        ; RESERVED_INPUT_WITH_WEAK_PULLUP                ;        ;                       ;         ; Row I/O    ;                 ; no       ; On           ;
; N4       ; 56         ; 2        ; RESERVED_INPUT_WITH_WEAK_PULLUP                ;        ;                       ;         ; Row I/O    ;                 ; no       ; On           ;
; N5       ; 58         ; 2        ; RESERVED_INPUT_WITH_WEAK_PULLUP                ;        ;                       ;         ; Row I/O    ;                 ; no       ; On           ;
; N6       ;            ; 2        ; VCCIO2                                         ; power  ;                       ; 2.5V    ; --         ;                 ; --       ; --           ;
; N7       ;            ; 2        ; VCCIO2                                         ; power  ;                       ; 2.5V    ; --         ;                 ; --       ; --           ;
; N8       ; 84         ; 2        ; RESERVED_INPUT_WITH_WEAK_PULLUP                ;        ;                       ;         ; Row I/O    ;                 ; no       ; On           ;
; N9       ; 86         ; 2        ; RESERVED_INPUT_WITH_WEAK_PULLUP                ;        ;                       ;         ; Row I/O    ;                 ; no       ; On           ;
; N10      ;            ; --       ; VCC                                            ; power  ;                       ; 1.2V    ; --         ;                 ; --       ; --           ;
; N11      ;            ;          ; GND                                            ; gnd    ;                       ;         ; --         ;                 ; --       ; --           ;
; N12      ;            ; --       ; VCC                                            ; power  ;                       ; 1.2V    ; --         ;                 ; --       ; --           ;
; N13      ;            ;          ; GND                                            ; gnd    ;                       ;         ; --         ;                 ; --       ; --           ;
; N14      ; 320        ; 6        ; RESERVED_INPUT_WITH_WEAK_PULLUP                ;        ;                       ;         ; Row I/O    ;                 ; no       ; On           ;
; N15      ; 322        ; 6        ; RESERVED_INPUT_WITH_WEAK_PULLUP                ;        ;                       ;         ; Row I/O    ;                 ; no       ; On           ;
; N16      ;            ; 5        ; VCCIO5                                         ; power  ;                       ; 2.5V    ; --         ;                 ; --       ; --           ;
; N17      ;            ; 6        ; VCCIO6                                         ; power  ;                       ; 2.5V    ; --         ;                 ; --       ; --           ;
; N18      ; 336        ; 6        ; memRead                                        ; input  ; 2.5 V                 ;         ; Row I/O    ; N               ; no       ; Off          ;
; N19      ; 338        ; 6        ; readData[10]                                   ; output ; 2.5 V                 ;         ; Row I/O    ; N               ; no       ; Off          ;
; N20      ; 339        ; 6        ; readData[3]                                    ; output ; 2.5 V                 ;         ; Row I/O    ; N               ; no       ; Off          ;
; N21      ; 313        ; 5        ; RESERVED_INPUT_WITH_WEAK_PULLUP                ;        ;                       ;         ; Row I/O    ;                 ; no       ; On           ;
; N22      ; 307        ; 5        ; RESERVED_INPUT_WITH_WEAK_PULLUP                ;        ;                       ;         ; Row I/O    ;                 ; no       ; On           ;
; P1       ; 85         ; 2        ; RESERVED_INPUT_WITH_WEAK_PULLUP                ;        ;                       ;         ; Row I/O    ;                 ; no       ; On           ;
; P2       ;            ;          ; GND                                            ; gnd    ;                       ;         ; --         ;                 ; --       ; --           ;
; P3       ; 76         ; 2        ; RESERVED_INPUT_WITH_WEAK_PULLUP                ;        ;                       ;         ; Row I/O    ;                 ; no       ; On           ;
; P4       ; 57         ; 2        ; RESERVED_INPUT_WITH_WEAK_PULLUP                ;        ;                       ;         ; Row I/O    ;                 ; no       ; On           ;
; P5       ; 59         ; 2        ; RESERVED_INPUT_WITH_WEAK_PULLUP                ;        ;                       ;         ; Row I/O    ;                 ; no       ; On           ;
; P6       ;            ;          ; GND                                            ; gnd    ;                       ;         ; --         ;                 ; --       ; --           ;
; P7       ;            ; 2        ; VCCIO2                                         ; power  ;                       ; 2.5V    ; --         ;                 ; --       ; --           ;
; P8       ; 96         ; 2        ; RESERVED_INPUT_WITH_WEAK_PULLUP                ;        ;                       ;         ; Row I/O    ;                 ; no       ; On           ;
; P9       ; 142        ; 3        ; RESERVED_INPUT_WITH_WEAK_PULLUP                ;        ;                       ;         ; Column I/O ;                 ; no       ; On           ;
; P10      ; 154        ; 3        ; RESERVED_INPUT_WITH_WEAK_PULLUP                ;        ;                       ;         ; Column I/O ;                 ; no       ; On           ;
; P11      ; 166        ; 3        ; RESERVED_INPUT_WITH_WEAK_PULLUP                ;        ;                       ;         ; Column I/O ;                 ; no       ; On           ;
; P12      ; 178        ; 4        ; readData[7]                                    ; output ; 2.5 V                 ;         ; Column I/O ; N               ; no       ; Off          ;
; P13      ; 198        ; 4        ; RESERVED_INPUT_WITH_WEAK_PULLUP                ;        ;                       ;         ; Column I/O ;                 ; no       ; On           ;
; P14      ; 306        ; 5        ; RESERVED_INPUT_WITH_WEAK_PULLUP                ;        ;                       ;         ; Row I/O    ;                 ; no       ; On           ;
; P15      ; 304        ; 5        ; RESERVED_INPUT_WITH_WEAK_PULLUP                ;        ;                       ;         ; Row I/O    ;                 ; no       ; On           ;
; P16      ;            ; 5        ; VCCIO5                                         ; power  ;                       ; 2.5V    ; --         ;                 ; --       ; --           ;
; P17      ;            ;          ; GND                                            ; gnd    ;                       ;         ; --         ;                 ; --       ; --           ;
; P18      ; 310        ; 5        ; RESERVED_INPUT_WITH_WEAK_PULLUP                ;        ;                       ;         ; Row I/O    ;                 ; no       ; On           ;
; P19      ; 309        ; 5        ; RESERVED_INPUT_WITH_WEAK_PULLUP                ;        ;                       ;         ; Row I/O    ;                 ; no       ; On           ;
; P20      ; 311        ; 5        ; RESERVED_INPUT_WITH_WEAK_PULLUP                ;        ;                       ;         ; Row I/O    ;                 ; no       ; On           ;
; P21      ; 305        ; 5        ; RESERVED_INPUT_WITH_WEAK_PULLUP                ;        ;                       ;         ; Row I/O    ;                 ; no       ; On           ;
; P22      ; 303        ; 5        ; RESERVED_INPUT_WITH_WEAK_PULLUP                ;        ;                       ;         ; Row I/O    ;                 ; --       ; --           ;
; R1       ; 121        ; 2        ; RESERVED_INPUT_WITH_WEAK_PULLUP                ;        ;                       ;         ; Row I/O    ;                 ; no       ; On           ;
; R2       ; 123        ; 2        ; RESERVED_INPUT_WITH_WEAK_PULLUP                ;        ;                       ;         ; Row I/O    ;                 ; no       ; On           ;
; R3       ; 78         ; 2        ; RESERVED_INPUT_WITH_WEAK_PULLUP                ;        ;                       ;         ; Row I/O    ;                 ; no       ; On           ;
; R4       ; 80         ; 2        ; RESERVED_INPUT_WITH_WEAK_PULLUP                ;        ;                       ;         ; Row I/O    ;                 ; no       ; On           ;
; R5       ; 82         ; 2        ; RESERVED_INPUT_WITH_WEAK_PULLUP                ;        ;                       ;         ; Row I/O    ;                 ; no       ; On           ;
; R6       ;            ; 2        ; VCCIO2                                         ; power  ;                       ; 2.5V    ; --         ;                 ; --       ; --           ;
; R7       ; 98         ; 2        ; RESERVED_INPUT_WITH_WEAK_PULLUP                ;        ;                       ;         ; Row I/O    ;                 ; no       ; On           ;
; R8       ;            ; --       ; VCCA1                                          ; power  ;                       ; 2.5V    ; --         ;                 ; --       ; --           ;
; R9       ; 140        ; 3        ; RESERVED_INPUT_WITH_WEAK_PULLUP                ;        ;                       ;         ; Column I/O ;                 ; no       ; On           ;
; R10      ; 152        ; 3        ; RESERVED_INPUT_WITH_WEAK_PULLUP                ;        ;                       ;         ; Column I/O ;                 ; no       ; On           ;
; R11      ; 164        ; 3        ; RESERVED_INPUT_WITH_WEAK_PULLUP                ;        ;                       ;         ; Column I/O ;                 ; no       ; On           ;
; R12      ; 176        ; 4        ; RESERVED_INPUT_WITH_WEAK_PULLUP                ;        ;                       ;         ; Column I/O ;                 ; no       ; On           ;
; R13      ; 196        ; 4        ; RESERVED_INPUT_WITH_WEAK_PULLUP                ;        ;                       ;         ; Column I/O ;                 ; no       ; On           ;
; R14      ; 294        ; 5        ; RESERVED_INPUT_WITH_WEAK_PULLUP                ;        ;                       ;         ; Row I/O    ;                 ; no       ; On           ;
; R15      ; 292        ; 5        ; RESERVED_INPUT_WITH_WEAK_PULLUP                ;        ;                       ;         ; Row I/O    ;                 ; no       ; On           ;
; R16      ;            ; 5        ; VCCIO5                                         ; power  ;                       ; 2.5V    ; --         ;                 ; --       ; --           ;
; R17      ;            ; 5        ; VCCIO5                                         ; power  ;                       ; 2.5V    ; --         ;                 ; --       ; --           ;
; R18      ; 308        ; 5        ; RESERVED_INPUT_WITH_WEAK_PULLUP                ;        ;                       ;         ; Row I/O    ;                 ; no       ; On           ;
; R19      ;            ;          ; GND                                            ; gnd    ;                       ;         ; --         ;                 ; --       ; --           ;
; R20      ; 299        ; 5        ; RESERVED_INPUT_WITH_WEAK_PULLUP                ;        ;                       ;         ; Row I/O    ;                 ; no       ; On           ;
; R21      ;            ;          ; GND                                            ; gnd    ;                       ;         ; --         ;                 ; --       ; --           ;
; R22      ; 301        ; 5        ; RESERVED_INPUT_WITH_WEAK_PULLUP                ;        ;                       ;         ; Row I/O    ;                 ; no       ; On           ;
; T1       ; 81         ; 2        ; RESERVED_INPUT_WITH_WEAK_PULLUP                ;        ;                       ;         ; Row I/O    ;                 ; no       ; On           ;
; T2       ; 83         ; 2        ; RESERVED_INPUT_WITH_WEAK_PULLUP                ;        ;                       ;         ; Row I/O    ;                 ; no       ; On           ;
; T3       ; 88         ; 2        ; RESERVED_INPUT_WITH_WEAK_PULLUP                ;        ;                       ;         ; Row I/O    ;                 ; no       ; On           ;
; T4       ;            ;          ; GND                                            ; gnd    ;                       ;         ; --         ;                 ; --       ; --           ;
; T5       ; 120        ; 2        ; RESERVED_INPUT_WITH_WEAK_PULLUP                ;        ;                       ;         ; Row I/O    ;                 ; no       ; On           ;
; T6       ; 122        ; 2        ; RESERVED_INPUT_WITH_WEAK_PULLUP                ;        ;                       ;         ; Row I/O    ;                 ; no       ; On           ;
; T7       ;            ;          ; VCCD_PLL1                                      ; power  ;                       ; 1.2V    ; --         ;                 ; --       ; --           ;
; T8       ;            ;          ; GND                                            ; gnd    ;                       ;         ; --         ;                 ; --       ; --           ;
; T9       ;            ; 3        ; VCCIO3                                         ; power  ;                       ; 2.5V    ; --         ;                 ; --       ; --           ;
; T10      ;            ; 3        ; VCCIO3                                         ; power  ;                       ; 2.5V    ; --         ;                 ; --       ; --           ;
; T11      ;            ; 3        ; VCCIO3                                         ; power  ;                       ; 2.5V    ; --         ;                 ; --       ; --           ;
; T12      ;            ; 4        ; VCCIO4                                         ; power  ;                       ; 2.5V    ; --         ;                 ; --       ; --           ;
; T13      ;            ; 4        ; VCCIO4                                         ; power  ;                       ; 2.5V    ; --         ;                 ; --       ; --           ;
; T14      ;            ;          ; GND                                            ; gnd    ;                       ;         ; --         ;                 ; --       ; --           ;
; T15      ;            ; --       ; VCCA4                                          ; power  ;                       ; 2.5V    ; --         ;                 ; --       ; --           ;
; T16      ;            ;          ; GND                                            ; gnd    ;                       ;         ; --         ;                 ; --       ; --           ;
; T17      ;            ; 5        ; VCCIO5                                         ; power  ;                       ; 2.5V    ; --         ;                 ; --       ; --           ;
; T18      ; 298        ; 5        ; RESERVED_INPUT_WITH_WEAK_PULLUP                ;        ;                       ;         ; Row I/O    ;                 ; no       ; On           ;
; T19      ; 296        ; 5        ; RESERVED_INPUT_WITH_WEAK_PULLUP                ;        ;                       ;         ; Row I/O    ;                 ; no       ; On           ;
; T20      ; 297        ; 5        ; RESERVED_INPUT_WITH_WEAK_PULLUP                ;        ;                       ;         ; Row I/O    ;                 ; no       ; On           ;
; T21      ; 293        ; 5        ; RESERVED_INPUT_WITH_WEAK_PULLUP                ;        ;                       ;         ; Row I/O    ;                 ; no       ; On           ;
; T22      ; 295        ; 5        ; RESERVED_INPUT_WITH_WEAK_PULLUP                ;        ;                       ;         ; Row I/O    ;                 ; no       ; On           ;
; U1       ; 89         ; 2        ; RESERVED_INPUT_WITH_WEAK_PULLUP                ;        ;                       ;         ; Row I/O    ;                 ; no       ; On           ;
; U2       ; 90         ; 2        ; RESERVED_INPUT_WITH_WEAK_PULLUP                ;        ;                       ;         ; Row I/O    ;                 ; no       ; On           ;
; U3       ; 93         ; 2        ; RESERVED_INPUT_WITH_WEAK_PULLUP                ;        ;                       ;         ; Row I/O    ;                 ; no       ; On           ;
; U4       ; 92         ; 2        ; RESERVED_INPUT_WITH_WEAK_PULLUP                ;        ;                       ;         ; Row I/O    ;                 ; no       ; On           ;
; U5       ; 94         ; 2        ; RESERVED_INPUT_WITH_WEAK_PULLUP                ;        ;                       ;         ; Row I/O    ;                 ; no       ; On           ;
; U6       ; 128        ; 3        ; RESERVED_INPUT_WITH_WEAK_PULLUP                ;        ;                       ;         ; Column I/O ;                 ; no       ; On           ;
; U7       ; 130        ; 3        ; RESERVED_INPUT_WITH_WEAK_PULLUP                ;        ;                       ;         ; Column I/O ;                 ; no       ; On           ;
; U8       ;            ; 3        ; VCCIO3                                         ; power  ;                       ; 2.5V    ; --         ;                 ; --       ; --           ;
; U9       ;            ; 3        ; VCCIO3                                         ; power  ;                       ; 2.5V    ; --         ;                 ; --       ; --           ;
; U10      ;            ;          ; GND                                            ; gnd    ;                       ;         ; --         ;                 ; --       ; --           ;
; U11      ;            ; 4        ; VCCIO4                                         ; power  ;                       ; 2.5V    ; --         ;                 ; --       ; --           ;
; U12      ;            ; 4        ; VCCIO4                                         ; power  ;                       ; 2.5V    ; --         ;                 ; --       ; --           ;
; U13      ;            ;          ; GND                                            ; gnd    ;                       ;         ; --         ;                 ; --       ; --           ;
; U14      ;            ; 4        ; VCCIO4                                         ; power  ;                       ; 2.5V    ; --         ;                 ; --       ; --           ;
; U15      ; 208        ; 4        ; RESERVED_INPUT_WITH_WEAK_PULLUP                ;        ;                       ;         ; Column I/O ;                 ; no       ; On           ;
; U16      ;            ;          ; VCCD_PLL4                                      ; power  ;                       ; 1.2V    ; --         ;                 ; --       ; --           ;
; U17      ; 246        ; 5        ; RESERVED_INPUT_WITH_WEAK_PULLUP                ;        ;                       ;         ; Row I/O    ;                 ; no       ; On           ;
; U18      ; 244        ; 5        ; RESERVED_INPUT_WITH_WEAK_PULLUP                ;        ;                       ;         ; Row I/O    ;                 ; no       ; On           ;
; U19      ; 282        ; 5        ; RESERVED_INPUT_WITH_WEAK_PULLUP                ;        ;                       ;         ; Row I/O    ;                 ; no       ; On           ;
; U20      ; 290        ; 5        ; RESERVED_INPUT_WITH_WEAK_PULLUP                ;        ;                       ;         ; Row I/O    ;                 ; no       ; On           ;
; U21      ; 300        ; 5        ; RESERVED_INPUT_WITH_WEAK_PULLUP                ;        ;                       ;         ; Row I/O    ;                 ; no       ; On           ;
; U22      ; 302        ; 5        ; RESERVED_INPUT_WITH_WEAK_PULLUP                ;        ;                       ;         ; Row I/O    ;                 ; no       ; On           ;
; V1       ; 91         ; 2        ; RESERVED_INPUT_WITH_WEAK_PULLUP                ;        ;                       ;         ; Row I/O    ;                 ; no       ; On           ;
; V2       ;            ;          ; GND                                            ; gnd    ;                       ;         ; --         ;                 ; --       ; --           ;
; V3       ; 95         ; 2        ; RESERVED_INPUT_WITH_WEAK_PULLUP                ;        ;                       ;         ; Row I/O    ;                 ; no       ; On           ;
; V4       ; 125        ; 3        ; RESERVED_INPUT_WITH_WEAK_PULLUP                ;        ;                       ;         ; Column I/O ;                 ; no       ; On           ;
; V5       ; 127        ; 3        ; RESERVED_INPUT_WITH_WEAK_PULLUP                ;        ;                       ;         ; Column I/O ;                 ; no       ; On           ;
; V6       ;            ;          ; GND                                            ; gnd    ;                       ;         ; --         ;                 ; --       ; --           ;
; V7       ; 136        ; 3        ; RESERVED_INPUT_WITH_WEAK_PULLUP                ;        ;                       ;         ; Column I/O ;                 ; no       ; On           ;
; V8       ; 138        ; 3        ; RESERVED_INPUT_WITH_WEAK_PULLUP                ;        ;                       ;         ; Column I/O ;                 ; no       ; On           ;
; V9       ; 160        ; 3        ; RESERVED_INPUT_WITH_WEAK_PULLUP                ;        ;                       ;         ; Column I/O ;                 ; no       ; On           ;
; V10      ; 162        ; 3        ; RESERVED_INPUT_WITH_WEAK_PULLUP                ;        ;                       ;         ; Column I/O ;                 ; no       ; On           ;
; V11      ; 172        ; 4        ; RESERVED_INPUT_WITH_WEAK_PULLUP                ;        ;                       ;         ; Column I/O ;                 ; no       ; On           ;
; V12      ; 174        ; 4        ; address[0]                                     ; input  ; 2.5 V                 ;         ; Column I/O ; N               ; no       ; Off          ;
; V13      ; 192        ; 4        ; RESERVED_INPUT_WITH_WEAK_PULLUP                ;        ;                       ;         ; Column I/O ;                 ; no       ; On           ;
; V14      ; 204        ; 4        ; RESERVED_INPUT_WITH_WEAK_PULLUP                ;        ;                       ;         ; Column I/O ;                 ; no       ; On           ;
; V15      ; 216        ; 4        ; RESERVED_INPUT_WITH_WEAK_PULLUP                ;        ;                       ;         ; Column I/O ;                 ; no       ; On           ;
; V16      ; 210        ; 4        ; RESERVED_INPUT_WITH_WEAK_PULLUP                ;        ;                       ;         ; Column I/O ;                 ; no       ; On           ;
; V17      ; 242        ; 4        ; RESERVED_INPUT_WITH_WEAK_PULLUP                ;        ;                       ;         ; Column I/O ;                 ; no       ; On           ;
; V18      ; 280        ; 5        ; RESERVED_INPUT_WITH_WEAK_PULLUP                ;        ;                       ;         ; Row I/O    ;                 ; no       ; On           ;
; V19      ;            ;          ; GND                                            ; gnd    ;                       ;         ; --         ;                 ; --       ; --           ;
; V20      ; 288        ; 5        ; RESERVED_INPUT_WITH_WEAK_PULLUP                ;        ;                       ;         ; Row I/O    ;                 ; no       ; On           ;
; V21      ; 289        ; 5        ; RESERVED_INPUT_WITH_WEAK_PULLUP                ;        ;                       ;         ; Row I/O    ;                 ; no       ; On           ;
; V22      ; 291        ; 5        ; RESERVED_INPUT_WITH_WEAK_PULLUP                ;        ;                       ;         ; Row I/O    ;                 ; no       ; On           ;
; W1       ; 97         ; 2        ; RESERVED_INPUT_WITH_WEAK_PULLUP                ;        ;                       ;         ; Row I/O    ;                 ; no       ; On           ;
; W2       ; 99         ; 2        ; RESERVED_INPUT_WITH_WEAK_PULLUP                ;        ;                       ;         ; Row I/O    ;                 ; no       ; On           ;
; W3       ; 134        ; 3        ; RESERVED_INPUT_WITH_WEAK_PULLUP                ;        ;                       ;         ; Column I/O ;                 ; no       ; On           ;
; W4       ; 132        ; 3        ; RESERVED_INPUT_WITH_WEAK_PULLUP                ;        ;                       ;         ; Column I/O ;                 ; no       ; On           ;
; W5       ; 124        ; 3        ; RESERVED_INPUT_WITH_WEAK_PULLUP                ;        ;                       ;         ; Column I/O ;                 ; no       ; On           ;
; W6       ; 126        ; 3        ; RESERVED_INPUT_WITH_WEAK_PULLUP                ;        ;                       ;         ; Column I/O ;                 ; no       ; On           ;
; W7       ; 148        ; 3        ; RESERVED_INPUT_WITH_WEAK_PULLUP                ;        ;                       ;         ; Column I/O ;                 ; no       ; On           ;
; W8       ; 150        ; 3        ; RESERVED_INPUT_WITH_WEAK_PULLUP                ;        ;                       ;         ; Column I/O ;                 ; no       ; On           ;
; W9       ; 144        ; 3        ; RESERVED_INPUT_WITH_WEAK_PULLUP                ;        ;                       ;         ; Column I/O ;                 ; no       ; On           ;
; W10      ; 146        ; 3        ; RESERVED_INPUT_WITH_WEAK_PULLUP                ;        ;                       ;         ; Column I/O ;                 ; no       ; On           ;
; W11      ; 173        ; 4        ; RESERVED_INPUT_WITH_WEAK_PULLUP                ;        ;                       ;         ; Column I/O ;                 ; no       ; On           ;
; W12      ; 193        ; 4        ; RESERVED_INPUT_WITH_WEAK_PULLUP                ;        ;                       ;         ; Column I/O ;                 ; no       ; On           ;
; W13      ; 195        ; 4        ; RESERVED_INPUT_WITH_WEAK_PULLUP                ;        ;                       ;         ; Column I/O ;                 ; no       ; On           ;
; W14      ; 194        ; 4        ; RESERVED_INPUT_WITH_WEAK_PULLUP                ;        ;                       ;         ; Column I/O ;                 ; no       ; On           ;
; W15      ; 206        ; 4        ; RESERVED_INPUT_WITH_WEAK_PULLUP                ;        ;                       ;         ; Column I/O ;                 ; no       ; On           ;
; W16      ; 218        ; 4        ; RESERVED_INPUT_WITH_WEAK_PULLUP                ;        ;                       ;         ; Column I/O ;                 ; no       ; On           ;
; W17      ; 240        ; 4        ; RESERVED_INPUT_WITH_WEAK_PULLUP                ;        ;                       ;         ; Column I/O ;                 ; no       ; On           ;
; W18      ; 226        ; 4        ; RESERVED_INPUT_WITH_WEAK_PULLUP                ;        ;                       ;         ; Column I/O ;                 ; no       ; On           ;
; W19      ; 284        ; 5        ; RESERVED_INPUT_WITH_WEAK_PULLUP                ;        ;                       ;         ; Row I/O    ;                 ; no       ; On           ;
; W20      ; 286        ; 5        ; RESERVED_INPUT_WITH_WEAK_PULLUP                ;        ;                       ;         ; Row I/O    ;                 ; no       ; On           ;
; W21      ;            ;          ; GND                                            ; gnd    ;                       ;         ; --         ;                 ; --       ; --           ;
; W22      ; 283        ; 5        ; RESERVED_INPUT_WITH_WEAK_PULLUP                ;        ;                       ;         ; Row I/O    ;                 ; no       ; On           ;
; Y1       ; 129        ; 3        ; RESERVED_INPUT_WITH_WEAK_PULLUP                ;        ;                       ;         ; Column I/O ;                 ; no       ; On           ;
; Y2       ; 131        ; 3        ; RESERVED_INPUT_WITH_WEAK_PULLUP                ;        ;                       ;         ; Column I/O ;                 ; no       ; On           ;
; Y3       ; 149        ; 3        ; RESERVED_INPUT_WITH_WEAK_PULLUP                ;        ;                       ;         ; Column I/O ;                 ; no       ; On           ;
; Y4       ; 151        ; 3        ; RESERVED_INPUT_WITH_WEAK_PULLUP                ;        ;                       ;         ; Column I/O ;                 ; no       ; On           ;
; Y5       ; 137        ; 3        ; RESERVED_INPUT_WITH_WEAK_PULLUP                ;        ;                       ;         ; Column I/O ;                 ; no       ; On           ;
; Y6       ; 139        ; 3        ; RESERVED_INPUT_WITH_WEAK_PULLUP                ;        ;                       ;         ; Column I/O ;                 ; no       ; On           ;
; Y7       ; 141        ; 3        ; RESERVED_INPUT_WITH_WEAK_PULLUP                ;        ;                       ;         ; Column I/O ;                 ; no       ; On           ;
; Y8       ; 143        ; 3        ; RESERVED_INPUT_WITH_WEAK_PULLUP                ;        ;                       ;         ; Column I/O ;                 ; no       ; On           ;
; Y9       ;            ;          ; GND                                            ; gnd    ;                       ;         ; --         ;                 ; --       ; --           ;
; Y10      ; 168        ; 3        ; RESERVED_INPUT_WITH_WEAK_PULLUP                ;        ;                       ;         ; Column I/O ;                 ; no       ; On           ;
; Y11      ; 175        ; 4        ; readData[6]                                    ; output ; 2.5 V                 ;         ; Column I/O ; N               ; no       ; Off          ;
; Y12      ;            ;          ; GND                                            ; gnd    ;                       ;         ; --         ;                 ; --       ; --           ;
; Y13      ; 200        ; 4        ; RESERVED_INPUT_WITH_WEAK_PULLUP                ;        ;                       ;         ; Column I/O ;                 ; no       ; On           ;
; Y14      ; 202        ; 4        ; RESERVED_INPUT_WITH_WEAK_PULLUP                ;        ;                       ;         ; Column I/O ;                 ; no       ; On           ;
; Y15      ;            ;          ; GND                                            ; gnd    ;                       ;         ; --         ;                 ; --       ; --           ;
; Y16      ; 207        ; 4        ; RESERVED_INPUT_WITH_WEAK_PULLUP                ;        ;                       ;         ; Column I/O ;                 ; no       ; On           ;
; Y17      ; 214        ; 4        ; RESERVED_INPUT_WITH_WEAK_PULLUP                ;        ;                       ;         ; Column I/O ;                 ; no       ; On           ;
; Y18      ; 219        ; 4        ; RESERVED_INPUT_WITH_WEAK_PULLUP                ;        ;                       ;         ; Column I/O ;                 ; no       ; On           ;
; Y19      ; 224        ; 4        ; RESERVED_INPUT_WITH_WEAK_PULLUP                ;        ;                       ;         ; Column I/O ;                 ; no       ; On           ;
; Y20      ; 285        ; 5        ; RESERVED_INPUT_WITH_WEAK_PULLUP                ;        ;                       ;         ; Row I/O    ;                 ; no       ; On           ;
; Y21      ; 287        ; 5        ; RESERVED_INPUT_WITH_WEAK_PULLUP                ;        ;                       ;         ; Row I/O    ;                 ; no       ; On           ;
; Y22      ; 281        ; 5        ; RESERVED_INPUT_WITH_WEAK_PULLUP                ;        ;                       ;         ; Row I/O    ;                 ; no       ; On           ;
+----------+------------+----------+------------------------------------------------+--------+-----------------------+---------+------------+-----------------+----------+--------------+
Note: Pin directions (input, output or bidir) are based on device operating in user mode.


+-----------------------------------------------+
; I/O Assignment Warnings                       ;
+---------------+-------------------------------+
; Pin Name      ; Reason                        ;
+---------------+-------------------------------+
; readData[0]   ; Incomplete set of assignments ;
; readData[1]   ; Incomplete set of assignments ;
; readData[2]   ; Incomplete set of assignments ;
; readData[3]   ; Incomplete set of assignments ;
; readData[4]   ; Incomplete set of assignments ;
; readData[5]   ; Incomplete set of assignments ;
; readData[6]   ; Incomplete set of assignments ;
; readData[7]   ; Incomplete set of assignments ;
; readData[8]   ; Incomplete set of assignments ;
; readData[9]   ; Incomplete set of assignments ;
; readData[10]  ; Incomplete set of assignments ;
; readData[11]  ; Incomplete set of assignments ;
; readData[12]  ; Incomplete set of assignments ;
; readData[13]  ; Incomplete set of assignments ;
; readData[14]  ; Incomplete set of assignments ;
; readData[15]  ; Incomplete set of assignments ;
; memRead       ; Incomplete set of assignments ;
; address[2]    ; Incomplete set of assignments ;
; address[3]    ; Incomplete set of assignments ;
; address[5]    ; Incomplete set of assignments ;
; address[4]    ; Incomplete set of assignments ;
; address[0]    ; Incomplete set of assignments ;
; address[1]    ; Incomplete set of assignments ;
; writeData[8]  ; Incomplete set of assignments ;
; writeData[0]  ; Incomplete set of assignments ;
; clock         ; Incomplete set of assignments ;
; memWrite      ; Incomplete set of assignments ;
; writeData[9]  ; Incomplete set of assignments ;
; writeData[1]  ; Incomplete set of assignments ;
; writeData[10] ; Incomplete set of assignments ;
; writeData[2]  ; Incomplete set of assignments ;
; writeData[11] ; Incomplete set of assignments ;
; writeData[3]  ; Incomplete set of assignments ;
; writeData[12] ; Incomplete set of assignments ;
; writeData[4]  ; Incomplete set of assignments ;
; writeData[13] ; Incomplete set of assignments ;
; writeData[5]  ; Incomplete set of assignments ;
; writeData[14] ; Incomplete set of assignments ;
; writeData[6]  ; Incomplete set of assignments ;
; writeData[15] ; Incomplete set of assignments ;
; writeData[7]  ; Incomplete set of assignments ;
; readData[0]   ; Missing location assignment   ;
; readData[1]   ; Missing location assignment   ;
; readData[2]   ; Missing location assignment   ;
; readData[3]   ; Missing location assignment   ;
; readData[4]   ; Missing location assignment   ;
; readData[5]   ; Missing location assignment   ;
; readData[6]   ; Missing location assignment   ;
; readData[7]   ; Missing location assignment   ;
; readData[8]   ; Missing location assignment   ;
; readData[9]   ; Missing location assignment   ;
; readData[10]  ; Missing location assignment   ;
; readData[11]  ; Missing location assignment   ;
; readData[12]  ; Missing location assignment   ;
; readData[13]  ; Missing location assignment   ;
; readData[14]  ; Missing location assignment   ;
; readData[15]  ; Missing location assignment   ;
; memRead       ; Missing location assignment   ;
; address[2]    ; Missing location assignment   ;
; address[3]    ; Missing location assignment   ;
; address[5]    ; Missing location assignment   ;
; address[4]    ; Missing location assignment   ;
; address[0]    ; Missing location assignment   ;
; address[1]    ; Missing location assignment   ;
; writeData[8]  ; Missing location assignment   ;
; writeData[0]  ; Missing location assignment   ;
; clock         ; Missing location assignment   ;
; memWrite      ; Missing location assignment   ;
; writeData[9]  ; Missing location assignment   ;
; writeData[1]  ; Missing location assignment   ;
; writeData[10] ; Missing location assignment   ;
; writeData[2]  ; Missing location assignment   ;
; writeData[11] ; Missing location assignment   ;
; writeData[3]  ; Missing location assignment   ;
; writeData[12] ; Missing location assignment   ;
; writeData[4]  ; Missing location assignment   ;
; writeData[13] ; Missing location assignment   ;
; writeData[5]  ; Missing location assignment   ;
; writeData[14] ; Missing location assignment   ;
; writeData[6]  ; Missing location assignment   ;
; writeData[15] ; Missing location assignment   ;
; writeData[7]  ; Missing location assignment   ;
+---------------+-------------------------------+


+----------------------------------------------------------------------------------------------------------------------------------------------------------------------------------------------------------------------------------------------------------------------------------------------------------+
; Fitter Resource Utilization by Entity                                                                                                                                                                                                                                                                    ;
+----------------------------+-------------+---------------------------+---------------+-------------+------+------------+--------------+---------+-----------+------+--------------+--------------+-------------------+------------------+------------+---------------------+--------------+--------------+
; Compilation Hierarchy Node ; Logic Cells ; Dedicated Logic Registers ; I/O Registers ; Memory Bits ; M9Ks ; UFM Blocks ; DSP Elements ; DSP 9x9 ; DSP 18x18 ; Pins ; Virtual Pins ; LUT-Only LCs ; Register-Only LCs ; LUT/Register LCs ; ADC blocks ; Full Hierarchy Name ; Entity Name  ; Library Name ;
+----------------------------+-------------+---------------------------+---------------+-------------+------+------------+--------------+---------+-----------+------+--------------+--------------+-------------------+------------------+------------+---------------------+--------------+--------------+
; |memoriaDados              ; 1057 (1057) ; 512 (512)                 ; 0 (0)         ; 0           ; 0    ; 1          ; 0            ; 0       ; 0         ; 41   ; 0            ; 545 (545)    ; 0 (0)             ; 512 (512)        ; 0          ; |memoriaDados       ; memoriaDados ; work         ;
+----------------------------+-------------+---------------------------+---------------+-------------+------+------------+--------------+---------+-----------+------+--------------+--------------+-------------------+------------------+------------+---------------------+--------------+--------------+
Note: For table entries with two numbers listed, the numbers in parentheses indicate the number of resources of the given type used by the specific entity alone. The numbers listed outside of parentheses indicate the total resources of the given type used by the specific entity and all of its sub-entities in the hierarchy.


+-----------------------------------------------------------------------------------------------+
; Delay Chain Summary                                                                           ;
+---------------+----------+---------------+---------------+-----------------------+-----+------+
; Name          ; Pin Type ; Pad to Core 0 ; Pad to Core 1 ; Pad to Input Register ; TCO ; TCOE ;
+---------------+----------+---------------+---------------+-----------------------+-----+------+
; readData[0]   ; Output   ; --            ; --            ; --                    ; --  ; --   ;
; readData[1]   ; Output   ; --            ; --            ; --                    ; --  ; --   ;
; readData[2]   ; Output   ; --            ; --            ; --                    ; --  ; --   ;
; readData[3]   ; Output   ; --            ; --            ; --                    ; --  ; --   ;
; readData[4]   ; Output   ; --            ; --            ; --                    ; --  ; --   ;
; readData[5]   ; Output   ; --            ; --            ; --                    ; --  ; --   ;
; readData[6]   ; Output   ; --            ; --            ; --                    ; --  ; --   ;
; readData[7]   ; Output   ; --            ; --            ; --                    ; --  ; --   ;
; readData[8]   ; Output   ; --            ; --            ; --                    ; --  ; --   ;
; readData[9]   ; Output   ; --            ; --            ; --                    ; --  ; --   ;
; readData[10]  ; Output   ; --            ; --            ; --                    ; --  ; --   ;
; readData[11]  ; Output   ; --            ; --            ; --                    ; --  ; --   ;
; readData[12]  ; Output   ; --            ; --            ; --                    ; --  ; --   ;
; readData[13]  ; Output   ; --            ; --            ; --                    ; --  ; --   ;
; readData[14]  ; Output   ; --            ; --            ; --                    ; --  ; --   ;
; readData[15]  ; Output   ; --            ; --            ; --                    ; --  ; --   ;
; memRead       ; Input    ; --            ; (6) 873 ps    ; --                    ; --  ; --   ;
; address[2]    ; Input    ; (6) 868 ps    ; --            ; --                    ; --  ; --   ;
; address[3]    ; Input    ; --            ; (6) 868 ps    ; --                    ; --  ; --   ;
; address[5]    ; Input    ; (6) 868 ps    ; --            ; --                    ; --  ; --   ;
; address[4]    ; Input    ; (6) 873 ps    ; --            ; --                    ; --  ; --   ;
; address[0]    ; Input    ; (6) 868 ps    ; --            ; --                    ; --  ; --   ;
; address[1]    ; Input    ; (6) 868 ps    ; --            ; --                    ; --  ; --   ;
; writeData[8]  ; Input    ; (6) 868 ps    ; --            ; --                    ; --  ; --   ;
; writeData[0]  ; Input    ; --            ; (6) 868 ps    ; --                    ; --  ; --   ;
; clock         ; Input    ; (0) 0 ps      ; --            ; --                    ; --  ; --   ;
; memWrite      ; Input    ; (6) 868 ps    ; --            ; --                    ; --  ; --   ;
; writeData[9]  ; Input    ; (6) 868 ps    ; --            ; --                    ; --  ; --   ;
; writeData[1]  ; Input    ; (6) 868 ps    ; --            ; --                    ; --  ; --   ;
; writeData[10] ; Input    ; (6) 868 ps    ; --            ; --                    ; --  ; --   ;
; writeData[2]  ; Input    ; --            ; (6) 868 ps    ; --                    ; --  ; --   ;
; writeData[11] ; Input    ; (6) 868 ps    ; --            ; --                    ; --  ; --   ;
; writeData[3]  ; Input    ; --            ; (6) 868 ps    ; --                    ; --  ; --   ;
; writeData[12] ; Input    ; --            ; (6) 868 ps    ; --                    ; --  ; --   ;
; writeData[4]  ; Input    ; (6) 868 ps    ; --            ; --                    ; --  ; --   ;
; writeData[13] ; Input    ; (6) 868 ps    ; --            ; --                    ; --  ; --   ;
; writeData[5]  ; Input    ; (6) 868 ps    ; --            ; --                    ; --  ; --   ;
; writeData[14] ; Input    ; (6) 868 ps    ; --            ; --                    ; --  ; --   ;
; writeData[6]  ; Input    ; (6) 868 ps    ; --            ; --                    ; --  ; --   ;
; writeData[15] ; Input    ; (6) 868 ps    ; --            ; --                    ; --  ; --   ;
; writeData[7]  ; Input    ; --            ; (6) 868 ps    ; --                    ; --  ; --   ;
+---------------+----------+---------------+---------------+-----------------------+-----+------+


+--------------------------------------------------------+
; Pad To Core Delay Chain Fanout                         ;
+--------------------------+-------------------+---------+
; Source Pin / Fanout      ; Pad To Core Index ; Setting ;
+--------------------------+-------------------+---------+
; memRead                  ;                   ;         ;
;      - readData~7        ; 1                 ; 6       ;
;      - readData~12       ; 1                 ; 6       ;
;      - readData~17       ; 1                 ; 6       ;
;      - readData~22       ; 1                 ; 6       ;
;      - readData~27       ; 1                 ; 6       ;
;      - readData~32       ; 1                 ; 6       ;
;      - readData~37       ; 1                 ; 6       ;
;      - readData~42       ; 1                 ; 6       ;
;      - readData~50       ; 1                 ; 6       ;
;      - readData~55       ; 1                 ; 6       ;
;      - readData~60       ; 1                 ; 6       ;
;      - readData~65       ; 1                 ; 6       ;
;      - readData~70       ; 1                 ; 6       ;
;      - readData~75       ; 1                 ; 6       ;
;      - readData~80       ; 1                 ; 6       ;
;      - readData~85       ; 1                 ; 6       ;
; address[2]               ;                   ;         ;
;      - Mux7~0            ; 0                 ; 6       ;
;      - Mux7~1            ; 0                 ; 6       ;
;      - Mux7~2            ; 0                 ; 6       ;
;      - Mux7~3            ; 0                 ; 6       ;
;      - Mux7~4            ; 0                 ; 6       ;
;      - Mux7~5            ; 0                 ; 6       ;
;      - Mux7~7            ; 0                 ; 6       ;
;      - Mux7~8            ; 0                 ; 6       ;
;      - readData~0        ; 0                 ; 6       ;
;      - Mux7~18           ; 0                 ; 6       ;
;      - Mux7~20           ; 0                 ; 6       ;
;      - Mux7~21           ; 0                 ; 6       ;
;      - Mux7~22           ; 0                 ; 6       ;
;      - Mux7~23           ; 0                 ; 6       ;
;      - Mux7~25           ; 0                 ; 6       ;
;      - Mux7~28           ; 0                 ; 6       ;
;      - Mux7~29           ; 0                 ; 6       ;
;      - Mux7~30           ; 0                 ; 6       ;
;      - Mux7~32           ; 0                 ; 6       ;
;      - Mux7~33           ; 0                 ; 6       ;
;      - Mux7~35           ; 0                 ; 6       ;
;      - Mux6~5            ; 0                 ; 6       ;
;      - Mux6~6            ; 0                 ; 6       ;
;      - Mux6~7            ; 0                 ; 6       ;
;      - Mux6~8            ; 0                 ; 6       ;
;      - Mux6~9            ; 0                 ; 6       ;
;      - Mux6~10           ; 0                 ; 6       ;
;      - Mux6~12           ; 0                 ; 6       ;
;      - Mux6~18           ; 0                 ; 6       ;
;      - Mux6~20           ; 0                 ; 6       ;
;      - Mux6~21           ; 0                 ; 6       ;
;      - Mux6~22           ; 0                 ; 6       ;
;      - Mux6~23           ; 0                 ; 6       ;
;      - Mux6~25           ; 0                 ; 6       ;
;      - Mux6~28           ; 0                 ; 6       ;
;      - Mux6~29           ; 0                 ; 6       ;
;      - Mux6~30           ; 0                 ; 6       ;
;      - Mux6~32           ; 0                 ; 6       ;
;      - Mux6~33           ; 0                 ; 6       ;
;      - Mux6~35           ; 0                 ; 6       ;
;      - Mux5~0            ; 0                 ; 6       ;
;      - Mux5~1            ; 0                 ; 6       ;
;      - Mux5~2            ; 0                 ; 6       ;
;      - Mux5~4            ; 0                 ; 6       ;
;      - Mux5~5            ; 0                 ; 6       ;
;      - Mux5~7            ; 0                 ; 6       ;
;      - Mux5~18           ; 0                 ; 6       ;
;      - Mux5~20           ; 0                 ; 6       ;
;      - Mux5~21           ; 0                 ; 6       ;
;      - Mux5~22           ; 0                 ; 6       ;
;      - Mux5~23           ; 0                 ; 6       ;
;      - Mux5~25           ; 0                 ; 6       ;
;      - Mux5~28           ; 0                 ; 6       ;
;      - Mux5~29           ; 0                 ; 6       ;
;      - Mux5~30           ; 0                 ; 6       ;
;      - Mux5~32           ; 0                 ; 6       ;
;      - Mux5~33           ; 0                 ; 6       ;
;      - Mux5~35           ; 0                 ; 6       ;
;      - Mux4~5            ; 0                 ; 6       ;
;      - Mux4~7            ; 0                 ; 6       ;
;      - Mux4~8            ; 0                 ; 6       ;
;      - Mux4~9            ; 0                 ; 6       ;
;      - Mux4~10           ; 0                 ; 6       ;
;      - Mux4~12           ; 0                 ; 6       ;
;      - Mux4~18           ; 0                 ; 6       ;
;      - Mux4~20           ; 0                 ; 6       ;
;      - Mux4~21           ; 0                 ; 6       ;
;      - Mux4~22           ; 0                 ; 6       ;
;      - Mux4~23           ; 0                 ; 6       ;
;      - Mux4~25           ; 0                 ; 6       ;
;      - Mux4~28           ; 0                 ; 6       ;
;      - Mux4~29           ; 0                 ; 6       ;
;      - Mux4~30           ; 0                 ; 6       ;
;      - Mux4~32           ; 0                 ; 6       ;
;      - Mux4~33           ; 0                 ; 6       ;
;      - Mux4~35           ; 0                 ; 6       ;
;      - Mux3~0            ; 0                 ; 6       ;
;      - Mux3~1            ; 0                 ; 6       ;
;      - Mux3~2            ; 0                 ; 6       ;
;      - Mux3~4            ; 0                 ; 6       ;
;      - Mux3~5            ; 0                 ; 6       ;
;      - Mux3~7            ; 0                 ; 6       ;
;      - Mux3~18           ; 0                 ; 6       ;
;      - Mux3~20           ; 0                 ; 6       ;
;      - Mux3~21           ; 0                 ; 6       ;
;      - Mux3~22           ; 0                 ; 6       ;
;      - Mux3~23           ; 0                 ; 6       ;
;      - Mux3~25           ; 0                 ; 6       ;
;      - Mux3~28           ; 0                 ; 6       ;
;      - Mux3~29           ; 0                 ; 6       ;
;      - Mux3~30           ; 0                 ; 6       ;
;      - Mux3~32           ; 0                 ; 6       ;
;      - Mux3~33           ; 0                 ; 6       ;
;      - Mux3~35           ; 0                 ; 6       ;
;      - Mux2~5            ; 0                 ; 6       ;
;      - Mux2~7            ; 0                 ; 6       ;
;      - Mux2~8            ; 0                 ; 6       ;
;      - Mux2~9            ; 0                 ; 6       ;
;      - Mux2~10           ; 0                 ; 6       ;
;      - Mux2~12           ; 0                 ; 6       ;
;      - Mux2~18           ; 0                 ; 6       ;
;      - Mux2~20           ; 0                 ; 6       ;
;      - Mux2~21           ; 0                 ; 6       ;
;      - Mux2~22           ; 0                 ; 6       ;
;      - Mux2~23           ; 0                 ; 6       ;
;      - Mux2~25           ; 0                 ; 6       ;
;      - Mux2~28           ; 0                 ; 6       ;
;      - Mux2~29           ; 0                 ; 6       ;
;      - Mux2~30           ; 0                 ; 6       ;
;      - Mux2~32           ; 0                 ; 6       ;
;      - Mux2~33           ; 0                 ; 6       ;
;      - Mux2~35           ; 0                 ; 6       ;
;      - Mux1~0            ; 0                 ; 6       ;
;      - Mux1~1            ; 0                 ; 6       ;
;      - Mux1~2            ; 0                 ; 6       ;
;      - Mux1~4            ; 0                 ; 6       ;
;      - Mux1~5            ; 0                 ; 6       ;
;      - Mux1~7            ; 0                 ; 6       ;
;      - Mux1~18           ; 0                 ; 6       ;
;      - Mux1~20           ; 0                 ; 6       ;
;      - Mux1~21           ; 0                 ; 6       ;
;      - Mux1~22           ; 0                 ; 6       ;
;      - Mux1~23           ; 0                 ; 6       ;
;      - Mux1~25           ; 0                 ; 6       ;
;      - Mux1~28           ; 0                 ; 6       ;
;      - Mux1~29           ; 0                 ; 6       ;
;      - Mux1~30           ; 0                 ; 6       ;
;      - Mux1~32           ; 0                 ; 6       ;
;      - Mux1~33           ; 0                 ; 6       ;
;      - Mux1~35           ; 0                 ; 6       ;
;      - Mux0~5            ; 0                 ; 6       ;
;      - Mux0~7            ; 0                 ; 6       ;
;      - Mux0~8            ; 0                 ; 6       ;
;      - Mux0~9            ; 0                 ; 6       ;
;      - Mux0~10           ; 0                 ; 6       ;
;      - Mux0~12           ; 0                 ; 6       ;
;      - Mux0~18           ; 0                 ; 6       ;
;      - Mux0~20           ; 0                 ; 6       ;
;      - Mux0~22           ; 0                 ; 6       ;
;      - Mux0~25           ; 0                 ; 6       ;
;      - Mux0~26           ; 0                 ; 6       ;
;      - Mux0~28           ; 0                 ; 6       ;
;      - Mux0~30           ; 0                 ; 6       ;
;      - Mux0~32           ; 0                 ; 6       ;
;      - Mux0~35           ; 0                 ; 6       ;
;      - readData~43       ; 0                 ; 6       ;
;      - Decoder1~2        ; 0                 ; 6       ;
;      - Decoder0~0        ; 0                 ; 6       ;
;      - Decoder1~4        ; 0                 ; 6       ;
;      - Decoder0~1        ; 0                 ; 6       ;
;      - Decoder1~6        ; 0                 ; 6       ;
;      - Decoder0~2        ; 0                 ; 6       ;
;      - Decoder1~8        ; 0                 ; 6       ;
;      - Decoder0~3        ; 0                 ; 6       ;
;      - Decoder1~10       ; 0                 ; 6       ;
;      - Decoder1~12       ; 0                 ; 6       ;
;      - Decoder1~14       ; 0                 ; 6       ;
;      - Decoder1~16       ; 0                 ; 6       ;
;      - Decoder1~18       ; 0                 ; 6       ;
;      - Decoder1~20       ; 0                 ; 6       ;
;      - Decoder1~22       ; 0                 ; 6       ;
;      - Decoder1~24       ; 0                 ; 6       ;
;      - Decoder1~26       ; 0                 ; 6       ;
;      - Decoder1~28       ; 0                 ; 6       ;
;      - Decoder1~30       ; 0                 ; 6       ;
;      - Decoder1~32       ; 0                 ; 6       ;
;      - Decoder0~4        ; 0                 ; 6       ;
;      - Decoder0~5        ; 0                 ; 6       ;
;      - Decoder0~6        ; 0                 ; 6       ;
;      - Decoder0~7        ; 0                 ; 6       ;
;      - Decoder0~8        ; 0                 ; 6       ;
;      - Decoder0~9        ; 0                 ; 6       ;
;      - Decoder0~10       ; 0                 ; 6       ;
;      - memory[24][0]~6   ; 0                 ; 6       ;
;      - memory[25][0]~32  ; 0                 ; 6       ;
;      - memory[21][0]~44  ; 0                 ; 6       ;
;      - memory[17][0]~56  ; 0                 ; 6       ;
;      - memory[29][0]~68  ; 0                 ; 6       ;
;      - memory[5][0]~80   ; 0                 ; 6       ;
;      - memory[9][0]~92   ; 0                 ; 6       ;
;      - memory[1][0]~104  ; 0                 ; 6       ;
;      - memory[13][0]~116 ; 0                 ; 6       ;
;      - memory[57][0]~128 ; 0                 ; 6       ;
;      - memory[53][0]~140 ; 0                 ; 6       ;
;      - memory[49][0]~152 ; 0                 ; 6       ;
;      - memory[61][0]~164 ; 0                 ; 6       ;
;      - memory[40][0]~177 ; 0                 ; 6       ;
; address[3]               ;                   ;         ;
;      - Mux7~0            ; 1                 ; 6       ;
;      - Mux7~2            ; 1                 ; 6       ;
;      - Mux7~4            ; 1                 ; 6       ;
;      - Mux7~7            ; 1                 ; 6       ;
;      - Mux7~14           ; 1                 ; 6       ;
;      - readData~1        ; 1                 ; 6       ;
;      - readData~2        ; 1                 ; 6       ;
;      - Mux7~18           ; 1                 ; 6       ;
;      - Mux7~19           ; 1                 ; 6       ;
;      - Mux7~20           ; 1                 ; 6       ;
;      - Mux7~22           ; 1                 ; 6       ;
;      - Mux7~25           ; 1                 ; 6       ;
;      - Mux7~26           ; 1                 ; 6       ;
;      - Mux7~28           ; 1                 ; 6       ;
;      - Mux7~30           ; 1                 ; 6       ;
;      - Mux7~31           ; 1                 ; 6       ;
;      - Mux7~32           ; 1                 ; 6       ;
;      - Mux7~35           ; 1                 ; 6       ;
;      - Mux7~36           ; 1                 ; 6       ;
;      - Mux6~4            ; 1                 ; 6       ;
;      - Mux6~5            ; 1                 ; 6       ;
;      - Mux6~7            ; 1                 ; 6       ;
;      - Mux6~9            ; 1                 ; 6       ;
;      - Mux6~12           ; 1                 ; 6       ;
;      - Mux6~13           ; 1                 ; 6       ;
;      - Mux6~18           ; 1                 ; 6       ;
;      - Mux6~19           ; 1                 ; 6       ;
;      - Mux6~20           ; 1                 ; 6       ;
;      - Mux6~22           ; 1                 ; 6       ;
;      - Mux6~25           ; 1                 ; 6       ;
;      - Mux6~26           ; 1                 ; 6       ;
;      - Mux6~28           ; 1                 ; 6       ;
;      - Mux6~30           ; 1                 ; 6       ;
;      - Mux6~31           ; 1                 ; 6       ;
;      - Mux6~32           ; 1                 ; 6       ;
;      - Mux6~35           ; 1                 ; 6       ;
;      - Mux6~36           ; 1                 ; 6       ;
;      - Mux5~0            ; 1                 ; 6       ;
;      - Mux5~2            ; 1                 ; 6       ;
;      - Mux5~3            ; 1                 ; 6       ;
;      - Mux5~4            ; 1                 ; 6       ;
;      - Mux5~7            ; 1                 ; 6       ;
;      - Mux5~8            ; 1                 ; 6       ;
;      - Mux5~14           ; 1                 ; 6       ;
;      - Mux5~18           ; 1                 ; 6       ;
;      - Mux5~19           ; 1                 ; 6       ;
;      - Mux5~20           ; 1                 ; 6       ;
;      - Mux5~22           ; 1                 ; 6       ;
;      - Mux5~25           ; 1                 ; 6       ;
;      - Mux5~26           ; 1                 ; 6       ;
;      - Mux5~28           ; 1                 ; 6       ;
;      - Mux5~30           ; 1                 ; 6       ;
;      - Mux5~31           ; 1                 ; 6       ;
;      - Mux5~32           ; 1                 ; 6       ;
;      - Mux5~35           ; 1                 ; 6       ;
;      - Mux5~36           ; 1                 ; 6       ;
;      - Mux4~4            ; 1                 ; 6       ;
;      - Mux4~5            ; 1                 ; 6       ;
;      - Mux4~6            ; 1                 ; 6       ;
;      - Mux4~7            ; 1                 ; 6       ;
;      - Mux4~9            ; 1                 ; 6       ;
;      - Mux4~12           ; 1                 ; 6       ;
;      - Mux4~13           ; 1                 ; 6       ;
;      - Mux4~18           ; 1                 ; 6       ;
;      - Mux4~19           ; 1                 ; 6       ;
;      - Mux4~20           ; 1                 ; 6       ;
;      - Mux4~22           ; 1                 ; 6       ;
;      - Mux4~25           ; 1                 ; 6       ;
;      - Mux4~26           ; 1                 ; 6       ;
;      - Mux4~28           ; 1                 ; 6       ;
;      - Mux4~30           ; 1                 ; 6       ;
;      - Mux4~31           ; 1                 ; 6       ;
;      - Mux4~32           ; 1                 ; 6       ;
;      - Mux4~35           ; 1                 ; 6       ;
;      - Mux4~36           ; 1                 ; 6       ;
;      - Mux3~0            ; 1                 ; 6       ;
;      - Mux3~2            ; 1                 ; 6       ;
;      - Mux3~3            ; 1                 ; 6       ;
;      - Mux3~4            ; 1                 ; 6       ;
;      - Mux3~7            ; 1                 ; 6       ;
;      - Mux3~8            ; 1                 ; 6       ;
;      - Mux3~14           ; 1                 ; 6       ;
;      - Mux3~18           ; 1                 ; 6       ;
;      - Mux3~19           ; 1                 ; 6       ;
;      - Mux3~20           ; 1                 ; 6       ;
;      - Mux3~22           ; 1                 ; 6       ;
;      - Mux3~25           ; 1                 ; 6       ;
;      - Mux3~26           ; 1                 ; 6       ;
;      - Mux3~28           ; 1                 ; 6       ;
;      - Mux3~30           ; 1                 ; 6       ;
;      - Mux3~31           ; 1                 ; 6       ;
;      - Mux3~32           ; 1                 ; 6       ;
;      - Mux3~35           ; 1                 ; 6       ;
;      - Mux3~36           ; 1                 ; 6       ;
;      - Mux2~4            ; 1                 ; 6       ;
;      - Mux2~5            ; 1                 ; 6       ;
;      - Mux2~6            ; 1                 ; 6       ;
;      - Mux2~7            ; 1                 ; 6       ;
;      - Mux2~9            ; 1                 ; 6       ;
;      - Mux2~12           ; 1                 ; 6       ;
;      - Mux2~13           ; 1                 ; 6       ;
;      - Mux2~18           ; 1                 ; 6       ;
;      - Mux2~19           ; 1                 ; 6       ;
;      - Mux2~20           ; 1                 ; 6       ;
;      - Mux2~22           ; 1                 ; 6       ;
;      - Mux2~25           ; 1                 ; 6       ;
;      - Mux2~26           ; 1                 ; 6       ;
;      - Mux2~28           ; 1                 ; 6       ;
;      - Mux2~30           ; 1                 ; 6       ;
;      - Mux2~31           ; 1                 ; 6       ;
;      - Mux2~32           ; 1                 ; 6       ;
;      - Mux2~35           ; 1                 ; 6       ;
;      - Mux2~36           ; 1                 ; 6       ;
;      - Mux1~0            ; 1                 ; 6       ;
;      - Mux1~2            ; 1                 ; 6       ;
;      - Mux1~3            ; 1                 ; 6       ;
;      - Mux1~4            ; 1                 ; 6       ;
;      - Mux1~7            ; 1                 ; 6       ;
;      - Mux1~8            ; 1                 ; 6       ;
;      - Mux1~14           ; 1                 ; 6       ;
;      - Mux1~18           ; 1                 ; 6       ;
;      - Mux1~19           ; 1                 ; 6       ;
;      - Mux1~20           ; 1                 ; 6       ;
;      - Mux1~22           ; 1                 ; 6       ;
;      - Mux1~25           ; 1                 ; 6       ;
;      - Mux1~26           ; 1                 ; 6       ;
;      - Mux1~28           ; 1                 ; 6       ;
;      - Mux1~30           ; 1                 ; 6       ;
;      - Mux1~31           ; 1                 ; 6       ;
;      - Mux1~32           ; 1                 ; 6       ;
;      - Mux1~35           ; 1                 ; 6       ;
;      - Mux1~36           ; 1                 ; 6       ;
;      - Mux0~4            ; 1                 ; 6       ;
;      - Mux0~5            ; 1                 ; 6       ;
;      - Mux0~6            ; 1                 ; 6       ;
;      - Mux0~7            ; 1                 ; 6       ;
;      - Mux0~9            ; 1                 ; 6       ;
;      - Mux0~12           ; 1                 ; 6       ;
;      - Mux0~13           ; 1                 ; 6       ;
;      - Mux0~18           ; 1                 ; 6       ;
;      - Mux0~19           ; 1                 ; 6       ;
;      - Mux0~20           ; 1                 ; 6       ;
;      - Mux0~21           ; 1                 ; 6       ;
;      - Mux0~22           ; 1                 ; 6       ;
;      - Mux0~23           ; 1                 ; 6       ;
;      - Mux0~25           ; 1                 ; 6       ;
;      - Mux0~34           ; 1                 ; 6       ;
;      - readData~45       ; 1                 ; 6       ;
;      - readData~46       ; 1                 ; 6       ;
;      - Decoder1~2        ; 1                 ; 6       ;
;      - Decoder0~0        ; 1                 ; 6       ;
;      - Decoder1~4        ; 1                 ; 6       ;
;      - Decoder0~1        ; 1                 ; 6       ;
;      - Decoder1~6        ; 1                 ; 6       ;
;      - Decoder0~2        ; 1                 ; 6       ;
;      - Decoder1~8        ; 1                 ; 6       ;
;      - Decoder0~3        ; 1                 ; 6       ;
;      - Decoder1~10       ; 1                 ; 6       ;
;      - Decoder1~12       ; 1                 ; 6       ;
;      - Decoder1~14       ; 1                 ; 6       ;
;      - Decoder1~16       ; 1                 ; 6       ;
;      - Decoder1~18       ; 1                 ; 6       ;
;      - Decoder1~20       ; 1                 ; 6       ;
;      - Decoder1~22       ; 1                 ; 6       ;
;      - Decoder1~24       ; 1                 ; 6       ;
;      - Decoder1~26       ; 1                 ; 6       ;
;      - Decoder1~28       ; 1                 ; 6       ;
;      - Decoder1~30       ; 1                 ; 6       ;
;      - Decoder1~32       ; 1                 ; 6       ;
;      - Decoder0~4        ; 1                 ; 6       ;
;      - Decoder0~5        ; 1                 ; 6       ;
;      - Decoder0~6        ; 1                 ; 6       ;
;      - Decoder0~7        ; 1                 ; 6       ;
;      - Decoder0~8        ; 1                 ; 6       ;
;      - Decoder0~9        ; 1                 ; 6       ;
;      - Decoder0~10       ; 1                 ; 6       ;
;      - memory[24][0]~6   ; 1                 ; 6       ;
;      - memory[25][0]~32  ; 1                 ; 6       ;
;      - memory[21][0]~44  ; 1                 ; 6       ;
;      - memory[17][0]~56  ; 1                 ; 6       ;
;      - memory[29][0]~68  ; 1                 ; 6       ;
;      - memory[5][0]~80   ; 1                 ; 6       ;
;      - memory[9][0]~92   ; 1                 ; 6       ;
;      - memory[1][0]~104  ; 1                 ; 6       ;
;      - memory[13][0]~116 ; 1                 ; 6       ;
;      - memory[57][0]~128 ; 1                 ; 6       ;
;      - memory[53][0]~140 ; 1                 ; 6       ;
;      - memory[49][0]~152 ; 1                 ; 6       ;
;      - memory[61][0]~164 ; 1                 ; 6       ;
;      - memory[40][0]~177 ; 1                 ; 6       ;
; address[5]               ;                   ;         ;
;      - Mux7~6            ; 0                 ; 6       ;
;      - Mux7~9            ; 0                 ; 6       ;
;      - Mux7~10           ; 0                 ; 6       ;
;      - Mux7~12           ; 0                 ; 6       ;
;      - Mux7~13           ; 0                 ; 6       ;
;      - Mux7~15           ; 0                 ; 6       ;
;      - readData~2        ; 0                 ; 6       ;
;      - Mux7~16           ; 0                 ; 6       ;
;      - Mux7~24           ; 0                 ; 6       ;
;      - Mux7~34           ; 0                 ; 6       ;
;      - Mux7~37           ; 0                 ; 6       ;
;      - Mux6~0            ; 0                 ; 6       ;
;      - Mux6~2            ; 0                 ; 6       ;
;      - Mux6~3            ; 0                 ; 6       ;
;      - Mux6~11           ; 0                 ; 6       ;
;      - Mux6~15           ; 0                 ; 6       ;
;      - Mux6~16           ; 0                 ; 6       ;
;      - Mux6~24           ; 0                 ; 6       ;
;      - Mux6~34           ; 0                 ; 6       ;
;      - Mux6~37           ; 0                 ; 6       ;
;      - Mux5~6            ; 0                 ; 6       ;
;      - Mux5~9            ; 0                 ; 6       ;
;      - Mux5~10           ; 0                 ; 6       ;
;      - Mux5~12           ; 0                 ; 6       ;
;      - Mux5~13           ; 0                 ; 6       ;
;      - Mux5~15           ; 0                 ; 6       ;
;      - Mux5~16           ; 0                 ; 6       ;
;      - Mux5~24           ; 0                 ; 6       ;
;      - Mux5~34           ; 0                 ; 6       ;
;      - Mux5~37           ; 0                 ; 6       ;
;      - Mux4~0            ; 0                 ; 6       ;
;      - Mux4~2            ; 0                 ; 6       ;
;      - Mux4~3            ; 0                 ; 6       ;
;      - Mux4~11           ; 0                 ; 6       ;
;      - Mux4~15           ; 0                 ; 6       ;
;      - Mux4~16           ; 0                 ; 6       ;
;      - Mux4~24           ; 0                 ; 6       ;
;      - Mux4~34           ; 0                 ; 6       ;
;      - Mux4~37           ; 0                 ; 6       ;
;      - Mux3~6            ; 0                 ; 6       ;
;      - Mux3~9            ; 0                 ; 6       ;
;      - Mux3~10           ; 0                 ; 6       ;
;      - Mux3~12           ; 0                 ; 6       ;
;      - Mux3~13           ; 0                 ; 6       ;
;      - Mux3~15           ; 0                 ; 6       ;
;      - Mux3~16           ; 0                 ; 6       ;
;      - Mux3~17           ; 0                 ; 6       ;
;      - Mux3~24           ; 0                 ; 6       ;
;      - Mux3~34           ; 0                 ; 6       ;
;      - Mux3~37           ; 0                 ; 6       ;
;      - Mux2~0            ; 0                 ; 6       ;
;      - Mux2~2            ; 0                 ; 6       ;
;      - Mux2~3            ; 0                 ; 6       ;
;      - Mux2~11           ; 0                 ; 6       ;
;      - Mux2~15           ; 0                 ; 6       ;
;      - Mux2~16           ; 0                 ; 6       ;
;      - Mux2~24           ; 0                 ; 6       ;
;      - Mux2~34           ; 0                 ; 6       ;
;      - Mux2~37           ; 0                 ; 6       ;
;      - Mux1~6            ; 0                 ; 6       ;
;      - Mux1~9            ; 0                 ; 6       ;
;      - Mux1~10           ; 0                 ; 6       ;
;      - Mux1~12           ; 0                 ; 6       ;
;      - Mux1~13           ; 0                 ; 6       ;
;      - Mux1~15           ; 0                 ; 6       ;
;      - Mux1~16           ; 0                 ; 6       ;
;      - Mux1~17           ; 0                 ; 6       ;
;      - Mux1~24           ; 0                 ; 6       ;
;      - Mux1~34           ; 0                 ; 6       ;
;      - Mux1~37           ; 0                 ; 6       ;
;      - Mux0~0            ; 0                 ; 6       ;
;      - Mux0~2            ; 0                 ; 6       ;
;      - Mux0~3            ; 0                 ; 6       ;
;      - Mux0~11           ; 0                 ; 6       ;
;      - Mux0~15           ; 0                 ; 6       ;
;      - Mux0~16           ; 0                 ; 6       ;
;      - Mux0~24           ; 0                 ; 6       ;
;      - Mux0~27           ; 0                 ; 6       ;
;      - Mux0~34           ; 0                 ; 6       ;
;      - Mux0~37           ; 0                 ; 6       ;
;      - readData~45       ; 0                 ; 6       ;
;      - Decoder1~2        ; 0                 ; 6       ;
;      - readData~86       ; 0                 ; 6       ;
;      - Decoder1~4        ; 0                 ; 6       ;
;      - Decoder1~6        ; 0                 ; 6       ;
;      - Decoder1~8        ; 0                 ; 6       ;
;      - Decoder1~10       ; 0                 ; 6       ;
;      - Decoder1~12       ; 0                 ; 6       ;
;      - Decoder1~14       ; 0                 ; 6       ;
;      - Decoder1~16       ; 0                 ; 6       ;
;      - Decoder1~18       ; 0                 ; 6       ;
;      - Decoder1~20       ; 0                 ; 6       ;
;      - Decoder1~22       ; 0                 ; 6       ;
;      - Decoder1~24       ; 0                 ; 6       ;
;      - Decoder1~26       ; 0                 ; 6       ;
;      - Decoder1~28       ; 0                 ; 6       ;
;      - Decoder1~30       ; 0                 ; 6       ;
;      - Decoder1~32       ; 0                 ; 6       ;
;      - memory[0][0]~788  ; 0                 ; 6       ;
;      - memory[22][0]~789 ; 0                 ; 6       ;
;      - memory[0][0]~790  ; 0                 ; 6       ;
;      - memory[54][0]~791 ; 0                 ; 6       ;
;      - memory[24][0]~792 ; 0                 ; 6       ;
;      - memory[8][0]~793  ; 0                 ; 6       ;
;      - memory[56][0]~794 ; 0                 ; 6       ;
;      - memory[25][0]~32  ; 0                 ; 6       ;
;      - memory[21][0]~44  ; 0                 ; 6       ;
;      - memory[17][0]~56  ; 0                 ; 6       ;
;      - memory[29][0]~68  ; 0                 ; 6       ;
;      - memory[5][0]~799  ; 0                 ; 6       ;
;      - memory[9][0]~800  ; 0                 ; 6       ;
;      - memory[1][0]~801  ; 0                 ; 6       ;
;      - memory[13][0]~802 ; 0                 ; 6       ;
;      - memory[57][0]~803 ; 0                 ; 6       ;
;      - memory[53][0]~804 ; 0                 ; 6       ;
;      - memory[49][0]~805 ; 0                 ; 6       ;
;      - memory[61][0]~806 ; 0                 ; 6       ;
;      - memory[40][0]~807 ; 0                 ; 6       ;
;      - memory[37][0]~808 ; 0                 ; 6       ;
;      - memory[41][0]~809 ; 0                 ; 6       ;
;      - memory[33][0]~810 ; 0                 ; 6       ;
;      - memory[45][0]~811 ; 0                 ; 6       ;
; address[4]               ;                   ;         ;
;      - Mux7~6            ; 0                 ; 6       ;
;      - Mux7~10           ; 0                 ; 6       ;
;      - Mux7~11           ; 0                 ; 6       ;
;      - Mux7~12           ; 0                 ; 6       ;
;      - readData~1        ; 0                 ; 6       ;
;      - readData~2        ; 0                 ; 6       ;
;      - Mux7~16           ; 0                 ; 6       ;
;      - Mux7~17           ; 0                 ; 6       ;
;      - Mux7~24           ; 0                 ; 6       ;
;      - Mux7~27           ; 0                 ; 6       ;
;      - Mux7~34           ; 0                 ; 6       ;
;      - Mux6~0            ; 0                 ; 6       ;
;      - Mux6~1            ; 0                 ; 6       ;
;      - Mux6~2            ; 0                 ; 6       ;
;      - Mux6~11           ; 0                 ; 6       ;
;      - Mux6~14           ; 0                 ; 6       ;
;      - Mux6~16           ; 0                 ; 6       ;
;      - Mux6~17           ; 0                 ; 6       ;
;      - Mux6~24           ; 0                 ; 6       ;
;      - Mux6~27           ; 0                 ; 6       ;
;      - Mux6~34           ; 0                 ; 6       ;
;      - Mux5~6            ; 0                 ; 6       ;
;      - Mux5~10           ; 0                 ; 6       ;
;      - Mux5~11           ; 0                 ; 6       ;
;      - Mux5~12           ; 0                 ; 6       ;
;      - Mux5~16           ; 0                 ; 6       ;
;      - Mux5~17           ; 0                 ; 6       ;
;      - Mux5~24           ; 0                 ; 6       ;
;      - Mux5~27           ; 0                 ; 6       ;
;      - Mux5~34           ; 0                 ; 6       ;
;      - Mux4~0            ; 0                 ; 6       ;
;      - Mux4~1            ; 0                 ; 6       ;
;      - Mux4~2            ; 0                 ; 6       ;
;      - Mux4~11           ; 0                 ; 6       ;
;      - Mux4~14           ; 0                 ; 6       ;
;      - Mux4~16           ; 0                 ; 6       ;
;      - Mux4~17           ; 0                 ; 6       ;
;      - Mux4~24           ; 0                 ; 6       ;
;      - Mux4~27           ; 0                 ; 6       ;
;      - Mux4~34           ; 0                 ; 6       ;
;      - Mux3~6            ; 0                 ; 6       ;
;      - Mux3~10           ; 0                 ; 6       ;
;      - Mux3~11           ; 0                 ; 6       ;
;      - Mux3~12           ; 0                 ; 6       ;
;      - Mux3~16           ; 0                 ; 6       ;
;      - Mux3~24           ; 0                 ; 6       ;
;      - Mux3~27           ; 0                 ; 6       ;
;      - Mux3~34           ; 0                 ; 6       ;
;      - Mux2~0            ; 0                 ; 6       ;
;      - Mux2~1            ; 0                 ; 6       ;
;      - Mux2~2            ; 0                 ; 6       ;
;      - Mux2~11           ; 0                 ; 6       ;
;      - Mux2~14           ; 0                 ; 6       ;
;      - Mux2~16           ; 0                 ; 6       ;
;      - Mux2~17           ; 0                 ; 6       ;
;      - Mux2~24           ; 0                 ; 6       ;
;      - Mux2~27           ; 0                 ; 6       ;
;      - Mux2~34           ; 0                 ; 6       ;
;      - Mux1~6            ; 0                 ; 6       ;
;      - Mux1~10           ; 0                 ; 6       ;
;      - Mux1~11           ; 0                 ; 6       ;
;      - Mux1~12           ; 0                 ; 6       ;
;      - Mux1~16           ; 0                 ; 6       ;
;      - Mux1~24           ; 0                 ; 6       ;
;      - Mux1~27           ; 0                 ; 6       ;
;      - Mux1~34           ; 0                 ; 6       ;
;      - Mux0~0            ; 0                 ; 6       ;
;      - Mux0~1            ; 0                 ; 6       ;
;      - Mux0~2            ; 0                 ; 6       ;
;      - Mux0~11           ; 0                 ; 6       ;
;      - Mux0~14           ; 0                 ; 6       ;
;      - Mux0~16           ; 0                 ; 6       ;
;      - Mux0~17           ; 0                 ; 6       ;
;      - Mux0~24           ; 0                 ; 6       ;
;      - Mux0~28           ; 0                 ; 6       ;
;      - Mux0~29           ; 0                 ; 6       ;
;      - Mux0~30           ; 0                 ; 6       ;
;      - Mux0~31           ; 0                 ; 6       ;
;      - Mux0~32           ; 0                 ; 6       ;
;      - Mux0~33           ; 0                 ; 6       ;
;      - Mux0~35           ; 0                 ; 6       ;
;      - Mux0~36           ; 0                 ; 6       ;
;      - readData~45       ; 0                 ; 6       ;
;      - readData~46       ; 0                 ; 6       ;
;      - Decoder1~2        ; 0                 ; 6       ;
;      - readData~86       ; 0                 ; 6       ;
;      - Decoder1~4        ; 0                 ; 6       ;
;      - Decoder1~6        ; 0                 ; 6       ;
;      - Decoder1~8        ; 0                 ; 6       ;
;      - Decoder1~10       ; 0                 ; 6       ;
;      - Decoder1~12       ; 0                 ; 6       ;
;      - Decoder1~14       ; 0                 ; 6       ;
;      - Decoder1~16       ; 0                 ; 6       ;
;      - Decoder1~18       ; 0                 ; 6       ;
;      - Decoder1~20       ; 0                 ; 6       ;
;      - Decoder1~22       ; 0                 ; 6       ;
;      - Decoder1~24       ; 0                 ; 6       ;
;      - Decoder1~26       ; 0                 ; 6       ;
;      - Decoder1~28       ; 0                 ; 6       ;
;      - Decoder1~30       ; 0                 ; 6       ;
;      - Decoder1~32       ; 0                 ; 6       ;
;      - memory[0][0]~788  ; 0                 ; 6       ;
;      - memory[22][0]~789 ; 0                 ; 6       ;
;      - memory[0][0]~790  ; 0                 ; 6       ;
;      - memory[54][0]~791 ; 0                 ; 6       ;
;      - memory[24][0]~792 ; 0                 ; 6       ;
;      - memory[8][0]~793  ; 0                 ; 6       ;
;      - memory[56][0]~794 ; 0                 ; 6       ;
;      - memory[25][0]~795 ; 0                 ; 6       ;
;      - memory[21][0]~796 ; 0                 ; 6       ;
;      - memory[17][0]~797 ; 0                 ; 6       ;
;      - memory[29][0]~798 ; 0                 ; 6       ;
;      - memory[5][0]~80   ; 0                 ; 6       ;
;      - memory[9][0]~92   ; 0                 ; 6       ;
;      - memory[1][0]~104  ; 0                 ; 6       ;
;      - memory[13][0]~116 ; 0                 ; 6       ;
;      - memory[57][0]~128 ; 0                 ; 6       ;
;      - memory[53][0]~140 ; 0                 ; 6       ;
;      - memory[49][0]~152 ; 0                 ; 6       ;
;      - memory[61][0]~164 ; 0                 ; 6       ;
;      - memory[40][0]~807 ; 0                 ; 6       ;
; address[0]               ;                   ;         ;
;      - Decoder1~0        ; 0                 ; 6       ;
;      - readData~0        ; 0                 ; 6       ;
;      - readData~43       ; 0                 ; 6       ;
;      - Decoder1~1        ; 0                 ; 6       ;
;      - Decoder1~3        ; 0                 ; 6       ;
;      - Decoder0~0        ; 0                 ; 6       ;
;      - Decoder1~5        ; 0                 ; 6       ;
;      - Decoder0~1        ; 0                 ; 6       ;
;      - Decoder1~7        ; 0                 ; 6       ;
;      - Decoder0~2        ; 0                 ; 6       ;
;      - Decoder1~9        ; 0                 ; 6       ;
;      - Decoder0~3        ; 0                 ; 6       ;
;      - Decoder1~11       ; 0                 ; 6       ;
;      - Decoder1~13       ; 0                 ; 6       ;
;      - Decoder1~15       ; 0                 ; 6       ;
;      - Decoder1~17       ; 0                 ; 6       ;
;      - Decoder1~19       ; 0                 ; 6       ;
;      - Decoder1~21       ; 0                 ; 6       ;
;      - Decoder1~23       ; 0                 ; 6       ;
;      - Decoder1~25       ; 0                 ; 6       ;
;      - Decoder1~27       ; 0                 ; 6       ;
;      - Decoder1~29       ; 0                 ; 6       ;
;      - Decoder1~31       ; 0                 ; 6       ;
;      - Decoder1~33       ; 0                 ; 6       ;
;      - Decoder0~4        ; 0                 ; 6       ;
;      - Decoder0~5        ; 0                 ; 6       ;
;      - Decoder0~6        ; 0                 ; 6       ;
;      - Decoder1~34       ; 0                 ; 6       ;
;      - Decoder0~7        ; 0                 ; 6       ;
;      - Decoder1~35       ; 0                 ; 6       ;
;      - Decoder0~8        ; 0                 ; 6       ;
;      - Decoder1~36       ; 0                 ; 6       ;
;      - Decoder0~9        ; 0                 ; 6       ;
;      - Decoder1~37       ; 0                 ; 6       ;
;      - Decoder0~10       ; 0                 ; 6       ;
;      - Decoder1~38       ; 0                 ; 6       ;
;      - Decoder1~39       ; 0                 ; 6       ;
;      - Decoder1~40       ; 0                 ; 6       ;
;      - Decoder1~41       ; 0                 ; 6       ;
;      - Decoder1~42       ; 0                 ; 6       ;
;      - Decoder1~43       ; 0                 ; 6       ;
;      - Decoder1~44       ; 0                 ; 6       ;
;      - Decoder1~45       ; 0                 ; 6       ;
;      - Decoder1~46       ; 0                 ; 6       ;
;      - Decoder1~47       ; 0                 ; 6       ;
;      - Decoder1~48       ; 0                 ; 6       ;
;      - Decoder1~49       ; 0                 ; 6       ;
;      - memory[24][0]~6   ; 0                 ; 6       ;
;      - memory[40][0]~177 ; 0                 ; 6       ;
; address[1]               ;                   ;         ;
;      - Decoder1~0        ; 0                 ; 6       ;
;      - readData~0        ; 0                 ; 6       ;
;      - Mux7~38           ; 0                 ; 6       ;
;      - Mux6~38           ; 0                 ; 6       ;
;      - Mux5~38           ; 0                 ; 6       ;
;      - Mux4~38           ; 0                 ; 6       ;
;      - Mux3~38           ; 0                 ; 6       ;
;      - Mux2~38           ; 0                 ; 6       ;
;      - Mux1~38           ; 0                 ; 6       ;
;      - Mux0~38           ; 0                 ; 6       ;
;      - readData~43       ; 0                 ; 6       ;
;      - Decoder1~1        ; 0                 ; 6       ;
;      - Decoder1~3        ; 0                 ; 6       ;
;      - Decoder0~0        ; 0                 ; 6       ;
;      - Decoder1~5        ; 0                 ; 6       ;
;      - Decoder0~1        ; 0                 ; 6       ;
;      - Decoder1~7        ; 0                 ; 6       ;
;      - Decoder0~2        ; 0                 ; 6       ;
;      - Decoder1~9        ; 0                 ; 6       ;
;      - Decoder0~3        ; 0                 ; 6       ;
;      - Decoder1~11       ; 0                 ; 6       ;
;      - Decoder1~13       ; 0                 ; 6       ;
;      - Decoder1~15       ; 0                 ; 6       ;
;      - Decoder1~17       ; 0                 ; 6       ;
;      - Decoder1~19       ; 0                 ; 6       ;
;      - Decoder1~21       ; 0                 ; 6       ;
;      - Decoder1~23       ; 0                 ; 6       ;
;      - Decoder1~25       ; 0                 ; 6       ;
;      - Decoder1~27       ; 0                 ; 6       ;
;      - Decoder1~29       ; 0                 ; 6       ;
;      - Decoder1~31       ; 0                 ; 6       ;
;      - Decoder1~33       ; 0                 ; 6       ;
;      - Decoder0~4        ; 0                 ; 6       ;
;      - Decoder0~5        ; 0                 ; 6       ;
;      - Decoder0~6        ; 0                 ; 6       ;
;      - Decoder1~34       ; 0                 ; 6       ;
;      - Decoder0~7        ; 0                 ; 6       ;
;      - Decoder1~35       ; 0                 ; 6       ;
;      - Decoder0~8        ; 0                 ; 6       ;
;      - Decoder1~36       ; 0                 ; 6       ;
;      - Decoder0~9        ; 0                 ; 6       ;
;      - Decoder1~37       ; 0                 ; 6       ;
;      - Decoder0~10       ; 0                 ; 6       ;
;      - Decoder1~38       ; 0                 ; 6       ;
;      - Decoder1~39       ; 0                 ; 6       ;
;      - Decoder1~40       ; 0                 ; 6       ;
;      - Decoder1~41       ; 0                 ; 6       ;
;      - Decoder1~42       ; 0                 ; 6       ;
;      - Decoder1~43       ; 0                 ; 6       ;
;      - Decoder1~44       ; 0                 ; 6       ;
;      - Decoder1~45       ; 0                 ; 6       ;
;      - Decoder1~46       ; 0                 ; 6       ;
;      - Decoder1~47       ; 0                 ; 6       ;
;      - Decoder1~48       ; 0                 ; 6       ;
;      - Decoder1~49       ; 0                 ; 6       ;
;      - memory[24][0]~6   ; 0                 ; 6       ;
;      - memory[25][0]~795 ; 0                 ; 6       ;
;      - memory[21][0]~796 ; 0                 ; 6       ;
;      - memory[17][0]~797 ; 0                 ; 6       ;
;      - memory[29][0]~798 ; 0                 ; 6       ;
;      - memory[5][0]~799  ; 0                 ; 6       ;
;      - memory[9][0]~800  ; 0                 ; 6       ;
;      - memory[1][0]~801  ; 0                 ; 6       ;
;      - memory[13][0]~802 ; 0                 ; 6       ;
;      - memory[57][0]~803 ; 0                 ; 6       ;
;      - memory[53][0]~804 ; 0                 ; 6       ;
;      - memory[49][0]~805 ; 0                 ; 6       ;
;      - memory[61][0]~806 ; 0                 ; 6       ;
;      - memory[40][0]~177 ; 0                 ; 6       ;
;      - memory[37][0]~808 ; 0                 ; 6       ;
;      - memory[41][0]~809 ; 0                 ; 6       ;
;      - memory[33][0]~810 ; 0                 ; 6       ;
;      - memory[45][0]~811 ; 0                 ; 6       ;
; writeData[8]             ;                   ;         ;
;      - memory~230        ; 0                 ; 6       ;
;      - memory~232        ; 0                 ; 6       ;
;      - memory~234        ; 0                 ; 6       ;
;      - memory~236        ; 0                 ; 6       ;
;      - memory~238        ; 0                 ; 6       ;
;      - memory~240        ; 0                 ; 6       ;
;      - memory~242        ; 0                 ; 6       ;
;      - memory~244        ; 0                 ; 6       ;
;      - memory~246        ; 0                 ; 6       ;
;      - memory~248        ; 0                 ; 6       ;
;      - memory~250        ; 0                 ; 6       ;
;      - memory~252        ; 0                 ; 6       ;
;      - memory~254        ; 0                 ; 6       ;
;      - memory~256        ; 0                 ; 6       ;
;      - memory~258        ; 0                 ; 6       ;
;      - memory~260        ; 0                 ; 6       ;
;      - memory~262        ; 0                 ; 6       ;
;      - memory~265        ; 0                 ; 6       ;
;      - memory~268        ; 0                 ; 6       ;
;      - memory~271        ; 0                 ; 6       ;
;      - memory~274        ; 0                 ; 6       ;
;      - memory~277        ; 0                 ; 6       ;
;      - memory~280        ; 0                 ; 6       ;
;      - memory~283        ; 0                 ; 6       ;
;      - memory~286        ; 0                 ; 6       ;
;      - memory~289        ; 0                 ; 6       ;
;      - memory~292        ; 0                 ; 6       ;
;      - memory~295        ; 0                 ; 6       ;
;      - memory~296        ; 0                 ; 6       ;
;      - memory~297        ; 0                 ; 6       ;
;      - memory~298        ; 0                 ; 6       ;
;      - memory~299        ; 0                 ; 6       ;
;      - memory~301        ; 0                 ; 6       ;
;      - memory~303        ; 0                 ; 6       ;
;      - memory~305        ; 0                 ; 6       ;
;      - memory~307        ; 0                 ; 6       ;
;      - memory~309        ; 0                 ; 6       ;
;      - memory~311        ; 0                 ; 6       ;
;      - memory~313        ; 0                 ; 6       ;
;      - memory~315        ; 0                 ; 6       ;
;      - memory~317        ; 0                 ; 6       ;
;      - memory~319        ; 0                 ; 6       ;
;      - memory~321        ; 0                 ; 6       ;
;      - memory~323        ; 0                 ; 6       ;
;      - memory~325        ; 0                 ; 6       ;
;      - memory~327        ; 0                 ; 6       ;
;      - memory~329        ; 0                 ; 6       ;
;      - memory~331        ; 0                 ; 6       ;
;      - memory~332        ; 0                 ; 6       ;
;      - memory~333        ; 0                 ; 6       ;
;      - memory~334        ; 0                 ; 6       ;
;      - memory~335        ; 0                 ; 6       ;
;      - memory~336        ; 0                 ; 6       ;
;      - memory~337        ; 0                 ; 6       ;
;      - memory~338        ; 0                 ; 6       ;
;      - memory~339        ; 0                 ; 6       ;
;      - memory~340        ; 0                 ; 6       ;
;      - memory~341        ; 0                 ; 6       ;
;      - memory~342        ; 0                 ; 6       ;
;      - memory~343        ; 0                 ; 6       ;
;      - memory~344        ; 0                 ; 6       ;
;      - memory~345        ; 0                 ; 6       ;
;      - memory~346        ; 0                 ; 6       ;
; writeData[0]             ;                   ;         ;
;      - memory[0][0]      ; 1                 ; 6       ;
;      - memory~230        ; 1                 ; 6       ;
;      - memory~232        ; 1                 ; 6       ;
;      - memory~234        ; 1                 ; 6       ;
;      - memory~236        ; 1                 ; 6       ;
;      - memory~238        ; 1                 ; 6       ;
;      - memory~240        ; 1                 ; 6       ;
;      - memory~242        ; 1                 ; 6       ;
;      - memory~244        ; 1                 ; 6       ;
;      - memory~246        ; 1                 ; 6       ;
;      - memory~248        ; 1                 ; 6       ;
;      - memory~250        ; 1                 ; 6       ;
;      - memory~252        ; 1                 ; 6       ;
;      - memory~254        ; 1                 ; 6       ;
;      - memory~256        ; 1                 ; 6       ;
;      - memory~258        ; 1                 ; 6       ;
;      - memory~260        ; 1                 ; 6       ;
;      - memory~262        ; 1                 ; 6       ;
;      - memory~265        ; 1                 ; 6       ;
;      - memory~268        ; 1                 ; 6       ;
;      - memory~271        ; 1                 ; 6       ;
;      - memory~274        ; 1                 ; 6       ;
;      - memory~277        ; 1                 ; 6       ;
;      - memory~280        ; 1                 ; 6       ;
;      - memory~283        ; 1                 ; 6       ;
;      - memory~286        ; 1                 ; 6       ;
;      - memory~289        ; 1                 ; 6       ;
;      - memory~292        ; 1                 ; 6       ;
;      - memory~295        ; 1                 ; 6       ;
;      - memory~296        ; 1                 ; 6       ;
;      - memory~297        ; 1                 ; 6       ;
;      - memory~298        ; 1                 ; 6       ;
;      - memory~299        ; 1                 ; 6       ;
;      - memory~301        ; 1                 ; 6       ;
;      - memory~303        ; 1                 ; 6       ;
;      - memory~305        ; 1                 ; 6       ;
;      - memory~307        ; 1                 ; 6       ;
;      - memory~309        ; 1                 ; 6       ;
;      - memory~311        ; 1                 ; 6       ;
;      - memory~313        ; 1                 ; 6       ;
;      - memory~315        ; 1                 ; 6       ;
;      - memory~317        ; 1                 ; 6       ;
;      - memory~319        ; 1                 ; 6       ;
;      - memory~321        ; 1                 ; 6       ;
;      - memory~323        ; 1                 ; 6       ;
;      - memory~325        ; 1                 ; 6       ;
;      - memory~327        ; 1                 ; 6       ;
;      - memory~329        ; 1                 ; 6       ;
;      - memory~331        ; 1                 ; 6       ;
;      - memory~332        ; 1                 ; 6       ;
;      - memory~333        ; 1                 ; 6       ;
;      - memory~334        ; 1                 ; 6       ;
;      - memory~335        ; 1                 ; 6       ;
;      - memory~336        ; 1                 ; 6       ;
;      - memory~337        ; 1                 ; 6       ;
;      - memory~338        ; 1                 ; 6       ;
;      - memory~339        ; 1                 ; 6       ;
;      - memory~340        ; 1                 ; 6       ;
;      - memory~341        ; 1                 ; 6       ;
;      - memory~342        ; 1                 ; 6       ;
;      - memory~343        ; 1                 ; 6       ;
;      - memory~344        ; 1                 ; 6       ;
;      - memory~345        ; 1                 ; 6       ;
;      - memory~346        ; 1                 ; 6       ;
; clock                    ;                   ;         ;
; memWrite                 ;                   ;         ;
;      - memory[38][0]~231 ; 0                 ; 6       ;
;      - memory[42][0]~233 ; 0                 ; 6       ;
;      - memory[34][0]~235 ; 0                 ; 6       ;
;      - memory[46][0]~237 ; 0                 ; 6       ;
;      - memory[22][0]~239 ; 0                 ; 6       ;
;      - memory[26][0]~241 ; 0                 ; 6       ;
;      - memory[18][0]~243 ; 0                 ; 6       ;
;      - memory[30][0]~245 ; 0                 ; 6       ;
;      - memory[6][0]~247  ; 0                 ; 6       ;
;      - memory[10][0]~249 ; 0                 ; 6       ;
;      - memory[2][0]~251  ; 0                 ; 6       ;
;      - memory[14][0]~253 ; 0                 ; 6       ;
;      - memory[54][0]~255 ; 0                 ; 6       ;
;      - memory[58][0]~257 ; 0                 ; 6       ;
;      - memory[50][0]~259 ; 0                 ; 6       ;
;      - memory[62][0]~261 ; 0                 ; 6       ;
;      - memory[28][0]~264 ; 0                 ; 6       ;
;      - memory[44][0]~267 ; 0                 ; 6       ;
;      - memory[12][0]~270 ; 0                 ; 6       ;
;      - memory[60][0]~273 ; 0                 ; 6       ;
;      - memory[36][0]~276 ; 0                 ; 6       ;
;      - memory[20][0]~279 ; 0                 ; 6       ;
;      - memory[4][0]~282  ; 0                 ; 6       ;
;      - memory[52][0]~285 ; 0                 ; 6       ;
;      - memory[48][0]~288 ; 0                 ; 6       ;
;      - memory[16][0]~291 ; 0                 ; 6       ;
;      - memory[32][0]~294 ; 0                 ; 6       ;
;      - memory[27][0]~300 ; 0                 ; 6       ;
;      - memory[23][0]~302 ; 0                 ; 6       ;
;      - memory[19][0]~304 ; 0                 ; 6       ;
;      - memory[31][0]~306 ; 0                 ; 6       ;
;      - memory[39][0]~308 ; 0                 ; 6       ;
;      - memory[43][0]~310 ; 0                 ; 6       ;
;      - memory[35][0]~312 ; 0                 ; 6       ;
;      - memory[47][0]~314 ; 0                 ; 6       ;
;      - memory[7][0]~316  ; 0                 ; 6       ;
;      - memory[11][0]~318 ; 0                 ; 6       ;
;      - memory[3][0]~320  ; 0                 ; 6       ;
;      - memory[15][0]~322 ; 0                 ; 6       ;
;      - memory[59][0]~324 ; 0                 ; 6       ;
;      - memory[55][0]~326 ; 0                 ; 6       ;
;      - memory[51][0]~328 ; 0                 ; 6       ;
;      - memory[63][0]~330 ; 0                 ; 6       ;
;      - memory[0][0]~788  ; 0                 ; 6       ;
;      - memory[24][0]~792 ; 0                 ; 6       ;
;      - memory[8][0]~793  ; 0                 ; 6       ;
;      - memory[56][0]~794 ; 0                 ; 6       ;
;      - memory[25][0]~795 ; 0                 ; 6       ;
;      - memory[21][0]~796 ; 0                 ; 6       ;
;      - memory[17][0]~797 ; 0                 ; 6       ;
;      - memory[29][0]~798 ; 0                 ; 6       ;
;      - memory[5][0]~799  ; 0                 ; 6       ;
;      - memory[9][0]~800  ; 0                 ; 6       ;
;      - memory[1][0]~801  ; 0                 ; 6       ;
;      - memory[13][0]~802 ; 0                 ; 6       ;
;      - memory[57][0]~803 ; 0                 ; 6       ;
;      - memory[53][0]~804 ; 0                 ; 6       ;
;      - memory[49][0]~805 ; 0                 ; 6       ;
;      - memory[61][0]~806 ; 0                 ; 6       ;
;      - memory[40][0]~807 ; 0                 ; 6       ;
;      - memory[37][0]~808 ; 0                 ; 6       ;
;      - memory[41][0]~809 ; 0                 ; 6       ;
;      - memory[33][0]~810 ; 0                 ; 6       ;
;      - memory[45][0]~811 ; 0                 ; 6       ;
; writeData[9]             ;                   ;         ;
;      - memory~347        ; 0                 ; 6       ;
;      - memory~348        ; 0                 ; 6       ;
;      - memory~349        ; 0                 ; 6       ;
;      - memory~350        ; 0                 ; 6       ;
;      - memory~351        ; 0                 ; 6       ;
;      - memory~352        ; 0                 ; 6       ;
;      - memory~353        ; 0                 ; 6       ;
;      - memory~354        ; 0                 ; 6       ;
;      - memory~355        ; 0                 ; 6       ;
;      - memory~356        ; 0                 ; 6       ;
;      - memory~357        ; 0                 ; 6       ;
;      - memory~358        ; 0                 ; 6       ;
;      - memory~359        ; 0                 ; 6       ;
;      - memory~360        ; 0                 ; 6       ;
;      - memory~361        ; 0                 ; 6       ;
;      - memory~362        ; 0                 ; 6       ;
;      - memory~363        ; 0                 ; 6       ;
;      - memory~364        ; 0                 ; 6       ;
;      - memory~365        ; 0                 ; 6       ;
;      - memory~366        ; 0                 ; 6       ;
;      - memory~367        ; 0                 ; 6       ;
;      - memory~368        ; 0                 ; 6       ;
;      - memory~369        ; 0                 ; 6       ;
;      - memory~370        ; 0                 ; 6       ;
;      - memory~371        ; 0                 ; 6       ;
;      - memory~372        ; 0                 ; 6       ;
;      - memory~373        ; 0                 ; 6       ;
;      - memory~374        ; 0                 ; 6       ;
;      - memory~375        ; 0                 ; 6       ;
;      - memory~376        ; 0                 ; 6       ;
;      - memory~377        ; 0                 ; 6       ;
;      - memory~378        ; 0                 ; 6       ;
;      - memory~379        ; 0                 ; 6       ;
;      - memory~380        ; 0                 ; 6       ;
;      - memory~381        ; 0                 ; 6       ;
;      - memory~382        ; 0                 ; 6       ;
;      - memory~383        ; 0                 ; 6       ;
;      - memory~384        ; 0                 ; 6       ;
;      - memory~385        ; 0                 ; 6       ;
;      - memory~386        ; 0                 ; 6       ;
;      - memory~387        ; 0                 ; 6       ;
;      - memory~388        ; 0                 ; 6       ;
;      - memory~389        ; 0                 ; 6       ;
;      - memory~390        ; 0                 ; 6       ;
;      - memory~391        ; 0                 ; 6       ;
;      - memory~392        ; 0                 ; 6       ;
;      - memory~393        ; 0                 ; 6       ;
;      - memory~394        ; 0                 ; 6       ;
;      - memory~395        ; 0                 ; 6       ;
;      - memory~396        ; 0                 ; 6       ;
;      - memory~397        ; 0                 ; 6       ;
;      - memory~398        ; 0                 ; 6       ;
;      - memory~399        ; 0                 ; 6       ;
;      - memory~400        ; 0                 ; 6       ;
;      - memory~401        ; 0                 ; 6       ;
;      - memory~402        ; 0                 ; 6       ;
;      - memory~403        ; 0                 ; 6       ;
;      - memory~404        ; 0                 ; 6       ;
;      - memory~405        ; 0                 ; 6       ;
;      - memory~406        ; 0                 ; 6       ;
;      - memory~407        ; 0                 ; 6       ;
;      - memory~408        ; 0                 ; 6       ;
;      - memory~409        ; 0                 ; 6       ;
; writeData[1]             ;                   ;         ;
;      - memory[0][1]      ; 0                 ; 6       ;
;      - memory~347        ; 0                 ; 6       ;
;      - memory~348        ; 0                 ; 6       ;
;      - memory~349        ; 0                 ; 6       ;
;      - memory~350        ; 0                 ; 6       ;
;      - memory~351        ; 0                 ; 6       ;
;      - memory~352        ; 0                 ; 6       ;
;      - memory~353        ; 0                 ; 6       ;
;      - memory~354        ; 0                 ; 6       ;
;      - memory~355        ; 0                 ; 6       ;
;      - memory~356        ; 0                 ; 6       ;
;      - memory~357        ; 0                 ; 6       ;
;      - memory~358        ; 0                 ; 6       ;
;      - memory~359        ; 0                 ; 6       ;
;      - memory~360        ; 0                 ; 6       ;
;      - memory~361        ; 0                 ; 6       ;
;      - memory~362        ; 0                 ; 6       ;
;      - memory~363        ; 0                 ; 6       ;
;      - memory~364        ; 0                 ; 6       ;
;      - memory~365        ; 0                 ; 6       ;
;      - memory~366        ; 0                 ; 6       ;
;      - memory~367        ; 0                 ; 6       ;
;      - memory~368        ; 0                 ; 6       ;
;      - memory~369        ; 0                 ; 6       ;
;      - memory~370        ; 0                 ; 6       ;
;      - memory~371        ; 0                 ; 6       ;
;      - memory~372        ; 0                 ; 6       ;
;      - memory~373        ; 0                 ; 6       ;
;      - memory~374        ; 0                 ; 6       ;
;      - memory~375        ; 0                 ; 6       ;
;      - memory~376        ; 0                 ; 6       ;
;      - memory~377        ; 0                 ; 6       ;
;      - memory~378        ; 0                 ; 6       ;
;      - memory~379        ; 0                 ; 6       ;
;      - memory~380        ; 0                 ; 6       ;
;      - memory~381        ; 0                 ; 6       ;
;      - memory~382        ; 0                 ; 6       ;
;      - memory~383        ; 0                 ; 6       ;
;      - memory~384        ; 0                 ; 6       ;
;      - memory~385        ; 0                 ; 6       ;
;      - memory~386        ; 0                 ; 6       ;
;      - memory~387        ; 0                 ; 6       ;
;      - memory~388        ; 0                 ; 6       ;
;      - memory~389        ; 0                 ; 6       ;
;      - memory~390        ; 0                 ; 6       ;
;      - memory~391        ; 0                 ; 6       ;
;      - memory~392        ; 0                 ; 6       ;
;      - memory~393        ; 0                 ; 6       ;
;      - memory~394        ; 0                 ; 6       ;
;      - memory~395        ; 0                 ; 6       ;
;      - memory~396        ; 0                 ; 6       ;
;      - memory~397        ; 0                 ; 6       ;
;      - memory~398        ; 0                 ; 6       ;
;      - memory~399        ; 0                 ; 6       ;
;      - memory~400        ; 0                 ; 6       ;
;      - memory~401        ; 0                 ; 6       ;
;      - memory~402        ; 0                 ; 6       ;
;      - memory~403        ; 0                 ; 6       ;
;      - memory~404        ; 0                 ; 6       ;
;      - memory~405        ; 0                 ; 6       ;
;      - memory~406        ; 0                 ; 6       ;
;      - memory~407        ; 0                 ; 6       ;
;      - memory~408        ; 0                 ; 6       ;
;      - memory~409        ; 0                 ; 6       ;
; writeData[10]            ;                   ;         ;
;      - memory~410        ; 0                 ; 6       ;
;      - memory~411        ; 0                 ; 6       ;
;      - memory~412        ; 0                 ; 6       ;
;      - memory~413        ; 0                 ; 6       ;
;      - memory~414        ; 0                 ; 6       ;
;      - memory~415        ; 0                 ; 6       ;
;      - memory~416        ; 0                 ; 6       ;
;      - memory~417        ; 0                 ; 6       ;
;      - memory~418        ; 0                 ; 6       ;
;      - memory~419        ; 0                 ; 6       ;
;      - memory~420        ; 0                 ; 6       ;
;      - memory~421        ; 0                 ; 6       ;
;      - memory~422        ; 0                 ; 6       ;
;      - memory~423        ; 0                 ; 6       ;
;      - memory~424        ; 0                 ; 6       ;
;      - memory~425        ; 0                 ; 6       ;
;      - memory~426        ; 0                 ; 6       ;
;      - memory~427        ; 0                 ; 6       ;
;      - memory~428        ; 0                 ; 6       ;
;      - memory~429        ; 0                 ; 6       ;
;      - memory~430        ; 0                 ; 6       ;
;      - memory~431        ; 0                 ; 6       ;
;      - memory~432        ; 0                 ; 6       ;
;      - memory~433        ; 0                 ; 6       ;
;      - memory~434        ; 0                 ; 6       ;
;      - memory~435        ; 0                 ; 6       ;
;      - memory~436        ; 0                 ; 6       ;
;      - memory~437        ; 0                 ; 6       ;
;      - memory~438        ; 0                 ; 6       ;
;      - memory~439        ; 0                 ; 6       ;
;      - memory~440        ; 0                 ; 6       ;
;      - memory~441        ; 0                 ; 6       ;
;      - memory~442        ; 0                 ; 6       ;
;      - memory~443        ; 0                 ; 6       ;
;      - memory~444        ; 0                 ; 6       ;
;      - memory~445        ; 0                 ; 6       ;
;      - memory~446        ; 0                 ; 6       ;
;      - memory~447        ; 0                 ; 6       ;
;      - memory~448        ; 0                 ; 6       ;
;      - memory~449        ; 0                 ; 6       ;
;      - memory~450        ; 0                 ; 6       ;
;      - memory~451        ; 0                 ; 6       ;
;      - memory~452        ; 0                 ; 6       ;
;      - memory~453        ; 0                 ; 6       ;
;      - memory~454        ; 0                 ; 6       ;
;      - memory~455        ; 0                 ; 6       ;
;      - memory~456        ; 0                 ; 6       ;
;      - memory~457        ; 0                 ; 6       ;
;      - memory~458        ; 0                 ; 6       ;
;      - memory~459        ; 0                 ; 6       ;
;      - memory~460        ; 0                 ; 6       ;
;      - memory~461        ; 0                 ; 6       ;
;      - memory~462        ; 0                 ; 6       ;
;      - memory~463        ; 0                 ; 6       ;
;      - memory~464        ; 0                 ; 6       ;
;      - memory~465        ; 0                 ; 6       ;
;      - memory~466        ; 0                 ; 6       ;
;      - memory~467        ; 0                 ; 6       ;
;      - memory~468        ; 0                 ; 6       ;
;      - memory~469        ; 0                 ; 6       ;
;      - memory~470        ; 0                 ; 6       ;
;      - memory~471        ; 0                 ; 6       ;
;      - memory~472        ; 0                 ; 6       ;
; writeData[2]             ;                   ;         ;
;      - memory[0][2]      ; 1                 ; 6       ;
;      - memory~410        ; 1                 ; 6       ;
;      - memory~411        ; 1                 ; 6       ;
;      - memory~412        ; 1                 ; 6       ;
;      - memory~413        ; 1                 ; 6       ;
;      - memory~414        ; 1                 ; 6       ;
;      - memory~415        ; 1                 ; 6       ;
;      - memory~416        ; 1                 ; 6       ;
;      - memory~417        ; 1                 ; 6       ;
;      - memory~418        ; 1                 ; 6       ;
;      - memory~419        ; 1                 ; 6       ;
;      - memory~420        ; 1                 ; 6       ;
;      - memory~421        ; 1                 ; 6       ;
;      - memory~422        ; 1                 ; 6       ;
;      - memory~423        ; 1                 ; 6       ;
;      - memory~424        ; 1                 ; 6       ;
;      - memory~425        ; 1                 ; 6       ;
;      - memory~426        ; 1                 ; 6       ;
;      - memory~427        ; 1                 ; 6       ;
;      - memory~428        ; 1                 ; 6       ;
;      - memory~429        ; 1                 ; 6       ;
;      - memory~430        ; 1                 ; 6       ;
;      - memory~431        ; 1                 ; 6       ;
;      - memory~432        ; 1                 ; 6       ;
;      - memory~433        ; 1                 ; 6       ;
;      - memory~434        ; 1                 ; 6       ;
;      - memory~435        ; 1                 ; 6       ;
;      - memory~436        ; 1                 ; 6       ;
;      - memory~437        ; 1                 ; 6       ;
;      - memory~438        ; 1                 ; 6       ;
;      - memory~439        ; 1                 ; 6       ;
;      - memory~440        ; 1                 ; 6       ;
;      - memory~441        ; 1                 ; 6       ;
;      - memory~442        ; 1                 ; 6       ;
;      - memory~443        ; 1                 ; 6       ;
;      - memory~444        ; 1                 ; 6       ;
;      - memory~445        ; 1                 ; 6       ;
;      - memory~446        ; 1                 ; 6       ;
;      - memory~447        ; 1                 ; 6       ;
;      - memory~448        ; 1                 ; 6       ;
;      - memory~449        ; 1                 ; 6       ;
;      - memory~450        ; 1                 ; 6       ;
;      - memory~451        ; 1                 ; 6       ;
;      - memory~452        ; 1                 ; 6       ;
;      - memory~453        ; 1                 ; 6       ;
;      - memory~454        ; 1                 ; 6       ;
;      - memory~455        ; 1                 ; 6       ;
;      - memory~456        ; 1                 ; 6       ;
;      - memory~457        ; 1                 ; 6       ;
;      - memory~458        ; 1                 ; 6       ;
;      - memory~459        ; 1                 ; 6       ;
;      - memory~460        ; 1                 ; 6       ;
;      - memory~461        ; 1                 ; 6       ;
;      - memory~462        ; 1                 ; 6       ;
;      - memory~463        ; 1                 ; 6       ;
;      - memory~464        ; 1                 ; 6       ;
;      - memory~465        ; 1                 ; 6       ;
;      - memory~466        ; 1                 ; 6       ;
;      - memory~467        ; 1                 ; 6       ;
;      - memory~468        ; 1                 ; 6       ;
;      - memory~469        ; 1                 ; 6       ;
;      - memory~470        ; 1                 ; 6       ;
;      - memory~471        ; 1                 ; 6       ;
;      - memory~472        ; 1                 ; 6       ;
; writeData[11]            ;                   ;         ;
;      - memory~473        ; 0                 ; 6       ;
;      - memory~474        ; 0                 ; 6       ;
;      - memory~475        ; 0                 ; 6       ;
;      - memory~476        ; 0                 ; 6       ;
;      - memory~477        ; 0                 ; 6       ;
;      - memory~478        ; 0                 ; 6       ;
;      - memory~479        ; 0                 ; 6       ;
;      - memory~480        ; 0                 ; 6       ;
;      - memory~481        ; 0                 ; 6       ;
;      - memory~482        ; 0                 ; 6       ;
;      - memory~483        ; 0                 ; 6       ;
;      - memory~484        ; 0                 ; 6       ;
;      - memory~485        ; 0                 ; 6       ;
;      - memory~486        ; 0                 ; 6       ;
;      - memory~487        ; 0                 ; 6       ;
;      - memory~488        ; 0                 ; 6       ;
;      - memory~489        ; 0                 ; 6       ;
;      - memory~490        ; 0                 ; 6       ;
;      - memory~491        ; 0                 ; 6       ;
;      - memory~492        ; 0                 ; 6       ;
;      - memory~493        ; 0                 ; 6       ;
;      - memory~494        ; 0                 ; 6       ;
;      - memory~495        ; 0                 ; 6       ;
;      - memory~496        ; 0                 ; 6       ;
;      - memory~497        ; 0                 ; 6       ;
;      - memory~498        ; 0                 ; 6       ;
;      - memory~499        ; 0                 ; 6       ;
;      - memory~500        ; 0                 ; 6       ;
;      - memory~501        ; 0                 ; 6       ;
;      - memory~502        ; 0                 ; 6       ;
;      - memory~503        ; 0                 ; 6       ;
;      - memory~504        ; 0                 ; 6       ;
;      - memory~505        ; 0                 ; 6       ;
;      - memory~506        ; 0                 ; 6       ;
;      - memory~507        ; 0                 ; 6       ;
;      - memory~508        ; 0                 ; 6       ;
;      - memory~509        ; 0                 ; 6       ;
;      - memory~510        ; 0                 ; 6       ;
;      - memory~511        ; 0                 ; 6       ;
;      - memory~512        ; 0                 ; 6       ;
;      - memory~513        ; 0                 ; 6       ;
;      - memory~514        ; 0                 ; 6       ;
;      - memory~515        ; 0                 ; 6       ;
;      - memory~516        ; 0                 ; 6       ;
;      - memory~517        ; 0                 ; 6       ;
;      - memory~518        ; 0                 ; 6       ;
;      - memory~519        ; 0                 ; 6       ;
;      - memory~520        ; 0                 ; 6       ;
;      - memory~521        ; 0                 ; 6       ;
;      - memory~522        ; 0                 ; 6       ;
;      - memory~523        ; 0                 ; 6       ;
;      - memory~524        ; 0                 ; 6       ;
;      - memory~525        ; 0                 ; 6       ;
;      - memory~526        ; 0                 ; 6       ;
;      - memory~527        ; 0                 ; 6       ;
;      - memory~528        ; 0                 ; 6       ;
;      - memory~529        ; 0                 ; 6       ;
;      - memory~530        ; 0                 ; 6       ;
;      - memory~531        ; 0                 ; 6       ;
;      - memory~532        ; 0                 ; 6       ;
;      - memory~533        ; 0                 ; 6       ;
;      - memory~534        ; 0                 ; 6       ;
;      - memory~535        ; 0                 ; 6       ;
; writeData[3]             ;                   ;         ;
;      - memory[0][3]      ; 1                 ; 6       ;
;      - memory~473        ; 1                 ; 6       ;
;      - memory~474        ; 1                 ; 6       ;
;      - memory~475        ; 1                 ; 6       ;
;      - memory~476        ; 1                 ; 6       ;
;      - memory~477        ; 1                 ; 6       ;
;      - memory~478        ; 1                 ; 6       ;
;      - memory~479        ; 1                 ; 6       ;
;      - memory~480        ; 1                 ; 6       ;
;      - memory~481        ; 1                 ; 6       ;
;      - memory~482        ; 1                 ; 6       ;
;      - memory~483        ; 1                 ; 6       ;
;      - memory~484        ; 1                 ; 6       ;
;      - memory~485        ; 1                 ; 6       ;
;      - memory~486        ; 1                 ; 6       ;
;      - memory~487        ; 1                 ; 6       ;
;      - memory~488        ; 1                 ; 6       ;
;      - memory~489        ; 1                 ; 6       ;
;      - memory~490        ; 1                 ; 6       ;
;      - memory~491        ; 1                 ; 6       ;
;      - memory~492        ; 1                 ; 6       ;
;      - memory~493        ; 1                 ; 6       ;
;      - memory~494        ; 1                 ; 6       ;
;      - memory~495        ; 1                 ; 6       ;
;      - memory~496        ; 1                 ; 6       ;
;      - memory~497        ; 1                 ; 6       ;
;      - memory~498        ; 1                 ; 6       ;
;      - memory~499        ; 1                 ; 6       ;
;      - memory~500        ; 1                 ; 6       ;
;      - memory~501        ; 1                 ; 6       ;
;      - memory~502        ; 1                 ; 6       ;
;      - memory~503        ; 1                 ; 6       ;
;      - memory~504        ; 1                 ; 6       ;
;      - memory~505        ; 1                 ; 6       ;
;      - memory~506        ; 1                 ; 6       ;
;      - memory~507        ; 1                 ; 6       ;
;      - memory~508        ; 1                 ; 6       ;
;      - memory~509        ; 1                 ; 6       ;
;      - memory~510        ; 1                 ; 6       ;
;      - memory~511        ; 1                 ; 6       ;
;      - memory~512        ; 1                 ; 6       ;
;      - memory~513        ; 1                 ; 6       ;
;      - memory~514        ; 1                 ; 6       ;
;      - memory~515        ; 1                 ; 6       ;
;      - memory~516        ; 1                 ; 6       ;
;      - memory~517        ; 1                 ; 6       ;
;      - memory~518        ; 1                 ; 6       ;
;      - memory~519        ; 1                 ; 6       ;
;      - memory~520        ; 1                 ; 6       ;
;      - memory~521        ; 1                 ; 6       ;
;      - memory~522        ; 1                 ; 6       ;
;      - memory~523        ; 1                 ; 6       ;
;      - memory~524        ; 1                 ; 6       ;
;      - memory~525        ; 1                 ; 6       ;
;      - memory~526        ; 1                 ; 6       ;
;      - memory~527        ; 1                 ; 6       ;
;      - memory~528        ; 1                 ; 6       ;
;      - memory~529        ; 1                 ; 6       ;
;      - memory~530        ; 1                 ; 6       ;
;      - memory~531        ; 1                 ; 6       ;
;      - memory~532        ; 1                 ; 6       ;
;      - memory~533        ; 1                 ; 6       ;
;      - memory~534        ; 1                 ; 6       ;
;      - memory~535        ; 1                 ; 6       ;
; writeData[12]            ;                   ;         ;
;      - memory~536        ; 1                 ; 6       ;
;      - memory~537        ; 1                 ; 6       ;
;      - memory~538        ; 1                 ; 6       ;
;      - memory~539        ; 1                 ; 6       ;
;      - memory~540        ; 1                 ; 6       ;
;      - memory~541        ; 1                 ; 6       ;
;      - memory~542        ; 1                 ; 6       ;
;      - memory~543        ; 1                 ; 6       ;
;      - memory~544        ; 1                 ; 6       ;
;      - memory~545        ; 1                 ; 6       ;
;      - memory~546        ; 1                 ; 6       ;
;      - memory~547        ; 1                 ; 6       ;
;      - memory~548        ; 1                 ; 6       ;
;      - memory~549        ; 1                 ; 6       ;
;      - memory~550        ; 1                 ; 6       ;
;      - memory~551        ; 1                 ; 6       ;
;      - memory~552        ; 1                 ; 6       ;
;      - memory~553        ; 1                 ; 6       ;
;      - memory~554        ; 1                 ; 6       ;
;      - memory~555        ; 1                 ; 6       ;
;      - memory~556        ; 1                 ; 6       ;
;      - memory~557        ; 1                 ; 6       ;
;      - memory~558        ; 1                 ; 6       ;
;      - memory~559        ; 1                 ; 6       ;
;      - memory~560        ; 1                 ; 6       ;
;      - memory~561        ; 1                 ; 6       ;
;      - memory~562        ; 1                 ; 6       ;
;      - memory~563        ; 1                 ; 6       ;
;      - memory~564        ; 1                 ; 6       ;
;      - memory~565        ; 1                 ; 6       ;
;      - memory~566        ; 1                 ; 6       ;
;      - memory~567        ; 1                 ; 6       ;
;      - memory~568        ; 1                 ; 6       ;
;      - memory~569        ; 1                 ; 6       ;
;      - memory~570        ; 1                 ; 6       ;
;      - memory~571        ; 1                 ; 6       ;
;      - memory~572        ; 1                 ; 6       ;
;      - memory~573        ; 1                 ; 6       ;
;      - memory~574        ; 1                 ; 6       ;
;      - memory~575        ; 1                 ; 6       ;
;      - memory~576        ; 1                 ; 6       ;
;      - memory~577        ; 1                 ; 6       ;
;      - memory~578        ; 1                 ; 6       ;
;      - memory~579        ; 1                 ; 6       ;
;      - memory~580        ; 1                 ; 6       ;
;      - memory~581        ; 1                 ; 6       ;
;      - memory~582        ; 1                 ; 6       ;
;      - memory~583        ; 1                 ; 6       ;
;      - memory~584        ; 1                 ; 6       ;
;      - memory~585        ; 1                 ; 6       ;
;      - memory~586        ; 1                 ; 6       ;
;      - memory~587        ; 1                 ; 6       ;
;      - memory~588        ; 1                 ; 6       ;
;      - memory~589        ; 1                 ; 6       ;
;      - memory~590        ; 1                 ; 6       ;
;      - memory~591        ; 1                 ; 6       ;
;      - memory~592        ; 1                 ; 6       ;
;      - memory~593        ; 1                 ; 6       ;
;      - memory~594        ; 1                 ; 6       ;
;      - memory~595        ; 1                 ; 6       ;
;      - memory~596        ; 1                 ; 6       ;
;      - memory~597        ; 1                 ; 6       ;
;      - memory~598        ; 1                 ; 6       ;
; writeData[4]             ;                   ;         ;
;      - memory[0][4]      ; 0                 ; 6       ;
;      - memory~536        ; 0                 ; 6       ;
;      - memory~537        ; 0                 ; 6       ;
;      - memory~538        ; 0                 ; 6       ;
;      - memory~539        ; 0                 ; 6       ;
;      - memory~540        ; 0                 ; 6       ;
;      - memory~541        ; 0                 ; 6       ;
;      - memory~542        ; 0                 ; 6       ;
;      - memory~543        ; 0                 ; 6       ;
;      - memory~544        ; 0                 ; 6       ;
;      - memory~545        ; 0                 ; 6       ;
;      - memory~546        ; 0                 ; 6       ;
;      - memory~547        ; 0                 ; 6       ;
;      - memory~548        ; 0                 ; 6       ;
;      - memory~549        ; 0                 ; 6       ;
;      - memory~550        ; 0                 ; 6       ;
;      - memory~551        ; 0                 ; 6       ;
;      - memory~552        ; 0                 ; 6       ;
;      - memory~553        ; 0                 ; 6       ;
;      - memory~554        ; 0                 ; 6       ;
;      - memory~555        ; 0                 ; 6       ;
;      - memory~556        ; 0                 ; 6       ;
;      - memory~557        ; 0                 ; 6       ;
;      - memory~558        ; 0                 ; 6       ;
;      - memory~559        ; 0                 ; 6       ;
;      - memory~560        ; 0                 ; 6       ;
;      - memory~561        ; 0                 ; 6       ;
;      - memory~562        ; 0                 ; 6       ;
;      - memory~563        ; 0                 ; 6       ;
;      - memory~564        ; 0                 ; 6       ;
;      - memory~565        ; 0                 ; 6       ;
;      - memory~566        ; 0                 ; 6       ;
;      - memory~567        ; 0                 ; 6       ;
;      - memory~568        ; 0                 ; 6       ;
;      - memory~569        ; 0                 ; 6       ;
;      - memory~570        ; 0                 ; 6       ;
;      - memory~571        ; 0                 ; 6       ;
;      - memory~572        ; 0                 ; 6       ;
;      - memory~573        ; 0                 ; 6       ;
;      - memory~574        ; 0                 ; 6       ;
;      - memory~575        ; 0                 ; 6       ;
;      - memory~576        ; 0                 ; 6       ;
;      - memory~577        ; 0                 ; 6       ;
;      - memory~578        ; 0                 ; 6       ;
;      - memory~579        ; 0                 ; 6       ;
;      - memory~580        ; 0                 ; 6       ;
;      - memory~581        ; 0                 ; 6       ;
;      - memory~582        ; 0                 ; 6       ;
;      - memory~583        ; 0                 ; 6       ;
;      - memory~584        ; 0                 ; 6       ;
;      - memory~585        ; 0                 ; 6       ;
;      - memory~586        ; 0                 ; 6       ;
;      - memory~587        ; 0                 ; 6       ;
;      - memory~588        ; 0                 ; 6       ;
;      - memory~589        ; 0                 ; 6       ;
;      - memory~590        ; 0                 ; 6       ;
;      - memory~591        ; 0                 ; 6       ;
;      - memory~592        ; 0                 ; 6       ;
;      - memory~593        ; 0                 ; 6       ;
;      - memory~594        ; 0                 ; 6       ;
;      - memory~595        ; 0                 ; 6       ;
;      - memory~596        ; 0                 ; 6       ;
;      - memory~597        ; 0                 ; 6       ;
;      - memory~598        ; 0                 ; 6       ;
; writeData[13]            ;                   ;         ;
;      - memory~599        ; 0                 ; 6       ;
;      - memory~600        ; 0                 ; 6       ;
;      - memory~601        ; 0                 ; 6       ;
;      - memory~602        ; 0                 ; 6       ;
;      - memory~603        ; 0                 ; 6       ;
;      - memory~604        ; 0                 ; 6       ;
;      - memory~605        ; 0                 ; 6       ;
;      - memory~606        ; 0                 ; 6       ;
;      - memory~607        ; 0                 ; 6       ;
;      - memory~608        ; 0                 ; 6       ;
;      - memory~609        ; 0                 ; 6       ;
;      - memory~610        ; 0                 ; 6       ;
;      - memory~611        ; 0                 ; 6       ;
;      - memory~612        ; 0                 ; 6       ;
;      - memory~613        ; 0                 ; 6       ;
;      - memory~614        ; 0                 ; 6       ;
;      - memory~615        ; 0                 ; 6       ;
;      - memory~616        ; 0                 ; 6       ;
;      - memory~617        ; 0                 ; 6       ;
;      - memory~618        ; 0                 ; 6       ;
;      - memory~619        ; 0                 ; 6       ;
;      - memory~620        ; 0                 ; 6       ;
;      - memory~621        ; 0                 ; 6       ;
;      - memory~622        ; 0                 ; 6       ;
;      - memory~623        ; 0                 ; 6       ;
;      - memory~624        ; 0                 ; 6       ;
;      - memory~625        ; 0                 ; 6       ;
;      - memory~626        ; 0                 ; 6       ;
;      - memory~627        ; 0                 ; 6       ;
;      - memory~628        ; 0                 ; 6       ;
;      - memory~629        ; 0                 ; 6       ;
;      - memory~630        ; 0                 ; 6       ;
;      - memory~631        ; 0                 ; 6       ;
;      - memory~632        ; 0                 ; 6       ;
;      - memory~633        ; 0                 ; 6       ;
;      - memory~634        ; 0                 ; 6       ;
;      - memory~635        ; 0                 ; 6       ;
;      - memory~636        ; 0                 ; 6       ;
;      - memory~637        ; 0                 ; 6       ;
;      - memory~638        ; 0                 ; 6       ;
;      - memory~639        ; 0                 ; 6       ;
;      - memory~640        ; 0                 ; 6       ;
;      - memory~641        ; 0                 ; 6       ;
;      - memory~642        ; 0                 ; 6       ;
;      - memory~643        ; 0                 ; 6       ;
;      - memory~644        ; 0                 ; 6       ;
;      - memory~645        ; 0                 ; 6       ;
;      - memory~646        ; 0                 ; 6       ;
;      - memory~647        ; 0                 ; 6       ;
;      - memory~648        ; 0                 ; 6       ;
;      - memory~649        ; 0                 ; 6       ;
;      - memory~650        ; 0                 ; 6       ;
;      - memory~651        ; 0                 ; 6       ;
;      - memory~652        ; 0                 ; 6       ;
;      - memory~653        ; 0                 ; 6       ;
;      - memory~654        ; 0                 ; 6       ;
;      - memory~655        ; 0                 ; 6       ;
;      - memory~656        ; 0                 ; 6       ;
;      - memory~657        ; 0                 ; 6       ;
;      - memory~658        ; 0                 ; 6       ;
;      - memory~659        ; 0                 ; 6       ;
;      - memory~660        ; 0                 ; 6       ;
;      - memory~661        ; 0                 ; 6       ;
; writeData[5]             ;                   ;         ;
;      - memory[0][5]      ; 0                 ; 6       ;
;      - memory~599        ; 0                 ; 6       ;
;      - memory~600        ; 0                 ; 6       ;
;      - memory~601        ; 0                 ; 6       ;
;      - memory~602        ; 0                 ; 6       ;
;      - memory~603        ; 0                 ; 6       ;
;      - memory~604        ; 0                 ; 6       ;
;      - memory~605        ; 0                 ; 6       ;
;      - memory~606        ; 0                 ; 6       ;
;      - memory~607        ; 0                 ; 6       ;
;      - memory~608        ; 0                 ; 6       ;
;      - memory~609        ; 0                 ; 6       ;
;      - memory~610        ; 0                 ; 6       ;
;      - memory~611        ; 0                 ; 6       ;
;      - memory~612        ; 0                 ; 6       ;
;      - memory~613        ; 0                 ; 6       ;
;      - memory~614        ; 0                 ; 6       ;
;      - memory~615        ; 0                 ; 6       ;
;      - memory~616        ; 0                 ; 6       ;
;      - memory~617        ; 0                 ; 6       ;
;      - memory~618        ; 0                 ; 6       ;
;      - memory~619        ; 0                 ; 6       ;
;      - memory~620        ; 0                 ; 6       ;
;      - memory~621        ; 0                 ; 6       ;
;      - memory~622        ; 0                 ; 6       ;
;      - memory~623        ; 0                 ; 6       ;
;      - memory~624        ; 0                 ; 6       ;
;      - memory~625        ; 0                 ; 6       ;
;      - memory~626        ; 0                 ; 6       ;
;      - memory~627        ; 0                 ; 6       ;
;      - memory~628        ; 0                 ; 6       ;
;      - memory~629        ; 0                 ; 6       ;
;      - memory~630        ; 0                 ; 6       ;
;      - memory~631        ; 0                 ; 6       ;
;      - memory~632        ; 0                 ; 6       ;
;      - memory~633        ; 0                 ; 6       ;
;      - memory~634        ; 0                 ; 6       ;
;      - memory~635        ; 0                 ; 6       ;
;      - memory~636        ; 0                 ; 6       ;
;      - memory~637        ; 0                 ; 6       ;
;      - memory~638        ; 0                 ; 6       ;
;      - memory~639        ; 0                 ; 6       ;
;      - memory~640        ; 0                 ; 6       ;
;      - memory~641        ; 0                 ; 6       ;
;      - memory~642        ; 0                 ; 6       ;
;      - memory~643        ; 0                 ; 6       ;
;      - memory~644        ; 0                 ; 6       ;
;      - memory~645        ; 0                 ; 6       ;
;      - memory~646        ; 0                 ; 6       ;
;      - memory~647        ; 0                 ; 6       ;
;      - memory~648        ; 0                 ; 6       ;
;      - memory~649        ; 0                 ; 6       ;
;      - memory~650        ; 0                 ; 6       ;
;      - memory~651        ; 0                 ; 6       ;
;      - memory~652        ; 0                 ; 6       ;
;      - memory~653        ; 0                 ; 6       ;
;      - memory~654        ; 0                 ; 6       ;
;      - memory~655        ; 0                 ; 6       ;
;      - memory~656        ; 0                 ; 6       ;
;      - memory~657        ; 0                 ; 6       ;
;      - memory~658        ; 0                 ; 6       ;
;      - memory~659        ; 0                 ; 6       ;
;      - memory~660        ; 0                 ; 6       ;
;      - memory~661        ; 0                 ; 6       ;
; writeData[14]            ;                   ;         ;
;      - memory~662        ; 0                 ; 6       ;
;      - memory~663        ; 0                 ; 6       ;
;      - memory~664        ; 0                 ; 6       ;
;      - memory~665        ; 0                 ; 6       ;
;      - memory~666        ; 0                 ; 6       ;
;      - memory~667        ; 0                 ; 6       ;
;      - memory~668        ; 0                 ; 6       ;
;      - memory~669        ; 0                 ; 6       ;
;      - memory~670        ; 0                 ; 6       ;
;      - memory~671        ; 0                 ; 6       ;
;      - memory~672        ; 0                 ; 6       ;
;      - memory~673        ; 0                 ; 6       ;
;      - memory~674        ; 0                 ; 6       ;
;      - memory~675        ; 0                 ; 6       ;
;      - memory~676        ; 0                 ; 6       ;
;      - memory~677        ; 0                 ; 6       ;
;      - memory~678        ; 0                 ; 6       ;
;      - memory~679        ; 0                 ; 6       ;
;      - memory~680        ; 0                 ; 6       ;
;      - memory~681        ; 0                 ; 6       ;
;      - memory~682        ; 0                 ; 6       ;
;      - memory~683        ; 0                 ; 6       ;
;      - memory~684        ; 0                 ; 6       ;
;      - memory~685        ; 0                 ; 6       ;
;      - memory~686        ; 0                 ; 6       ;
;      - memory~687        ; 0                 ; 6       ;
;      - memory~688        ; 0                 ; 6       ;
;      - memory~689        ; 0                 ; 6       ;
;      - memory~690        ; 0                 ; 6       ;
;      - memory~691        ; 0                 ; 6       ;
;      - memory~692        ; 0                 ; 6       ;
;      - memory~693        ; 0                 ; 6       ;
;      - memory~694        ; 0                 ; 6       ;
;      - memory~695        ; 0                 ; 6       ;
;      - memory~696        ; 0                 ; 6       ;
;      - memory~697        ; 0                 ; 6       ;
;      - memory~698        ; 0                 ; 6       ;
;      - memory~699        ; 0                 ; 6       ;
;      - memory~700        ; 0                 ; 6       ;
;      - memory~701        ; 0                 ; 6       ;
;      - memory~702        ; 0                 ; 6       ;
;      - memory~703        ; 0                 ; 6       ;
;      - memory~704        ; 0                 ; 6       ;
;      - memory~705        ; 0                 ; 6       ;
;      - memory~706        ; 0                 ; 6       ;
;      - memory~707        ; 0                 ; 6       ;
;      - memory~708        ; 0                 ; 6       ;
;      - memory~709        ; 0                 ; 6       ;
;      - memory~710        ; 0                 ; 6       ;
;      - memory~711        ; 0                 ; 6       ;
;      - memory~712        ; 0                 ; 6       ;
;      - memory~713        ; 0                 ; 6       ;
;      - memory~714        ; 0                 ; 6       ;
;      - memory~715        ; 0                 ; 6       ;
;      - memory~716        ; 0                 ; 6       ;
;      - memory~717        ; 0                 ; 6       ;
;      - memory~718        ; 0                 ; 6       ;
;      - memory~719        ; 0                 ; 6       ;
;      - memory~720        ; 0                 ; 6       ;
;      - memory~721        ; 0                 ; 6       ;
;      - memory~722        ; 0                 ; 6       ;
;      - memory~723        ; 0                 ; 6       ;
;      - memory~724        ; 0                 ; 6       ;
; writeData[6]             ;                   ;         ;
;      - memory[0][6]      ; 0                 ; 6       ;
;      - memory~662        ; 0                 ; 6       ;
;      - memory~663        ; 0                 ; 6       ;
;      - memory~664        ; 0                 ; 6       ;
;      - memory~665        ; 0                 ; 6       ;
;      - memory~666        ; 0                 ; 6       ;
;      - memory~667        ; 0                 ; 6       ;
;      - memory~668        ; 0                 ; 6       ;
;      - memory~669        ; 0                 ; 6       ;
;      - memory~670        ; 0                 ; 6       ;
;      - memory~671        ; 0                 ; 6       ;
;      - memory~672        ; 0                 ; 6       ;
;      - memory~673        ; 0                 ; 6       ;
;      - memory~674        ; 0                 ; 6       ;
;      - memory~675        ; 0                 ; 6       ;
;      - memory~676        ; 0                 ; 6       ;
;      - memory~677        ; 0                 ; 6       ;
;      - memory~678        ; 0                 ; 6       ;
;      - memory~679        ; 0                 ; 6       ;
;      - memory~680        ; 0                 ; 6       ;
;      - memory~681        ; 0                 ; 6       ;
;      - memory~682        ; 0                 ; 6       ;
;      - memory~683        ; 0                 ; 6       ;
;      - memory~684        ; 0                 ; 6       ;
;      - memory~685        ; 0                 ; 6       ;
;      - memory~686        ; 0                 ; 6       ;
;      - memory~687        ; 0                 ; 6       ;
;      - memory~688        ; 0                 ; 6       ;
;      - memory~689        ; 0                 ; 6       ;
;      - memory~690        ; 0                 ; 6       ;
;      - memory~691        ; 0                 ; 6       ;
;      - memory~692        ; 0                 ; 6       ;
;      - memory~693        ; 0                 ; 6       ;
;      - memory~694        ; 0                 ; 6       ;
;      - memory~695        ; 0                 ; 6       ;
;      - memory~696        ; 0                 ; 6       ;
;      - memory~697        ; 0                 ; 6       ;
;      - memory~698        ; 0                 ; 6       ;
;      - memory~699        ; 0                 ; 6       ;
;      - memory~700        ; 0                 ; 6       ;
;      - memory~701        ; 0                 ; 6       ;
;      - memory~702        ; 0                 ; 6       ;
;      - memory~703        ; 0                 ; 6       ;
;      - memory~704        ; 0                 ; 6       ;
;      - memory~705        ; 0                 ; 6       ;
;      - memory~706        ; 0                 ; 6       ;
;      - memory~707        ; 0                 ; 6       ;
;      - memory~708        ; 0                 ; 6       ;
;      - memory~709        ; 0                 ; 6       ;
;      - memory~710        ; 0                 ; 6       ;
;      - memory~711        ; 0                 ; 6       ;
;      - memory~712        ; 0                 ; 6       ;
;      - memory~713        ; 0                 ; 6       ;
;      - memory~714        ; 0                 ; 6       ;
;      - memory~715        ; 0                 ; 6       ;
;      - memory~716        ; 0                 ; 6       ;
;      - memory~717        ; 0                 ; 6       ;
;      - memory~718        ; 0                 ; 6       ;
;      - memory~719        ; 0                 ; 6       ;
;      - memory~720        ; 0                 ; 6       ;
;      - memory~721        ; 0                 ; 6       ;
;      - memory~722        ; 0                 ; 6       ;
;      - memory~723        ; 0                 ; 6       ;
;      - memory~724        ; 0                 ; 6       ;
; writeData[15]            ;                   ;         ;
;      - memory~725        ; 0                 ; 6       ;
;      - memory~726        ; 0                 ; 6       ;
;      - memory~727        ; 0                 ; 6       ;
;      - memory~728        ; 0                 ; 6       ;
;      - memory~729        ; 0                 ; 6       ;
;      - memory~730        ; 0                 ; 6       ;
;      - memory~731        ; 0                 ; 6       ;
;      - memory~732        ; 0                 ; 6       ;
;      - memory~733        ; 0                 ; 6       ;
;      - memory~734        ; 0                 ; 6       ;
;      - memory~735        ; 0                 ; 6       ;
;      - memory~736        ; 0                 ; 6       ;
;      - memory~737        ; 0                 ; 6       ;
;      - memory~738        ; 0                 ; 6       ;
;      - memory~739        ; 0                 ; 6       ;
;      - memory~740        ; 0                 ; 6       ;
;      - memory~741        ; 0                 ; 6       ;
;      - memory~742        ; 0                 ; 6       ;
;      - memory~743        ; 0                 ; 6       ;
;      - memory~744        ; 0                 ; 6       ;
;      - memory~745        ; 0                 ; 6       ;
;      - memory~746        ; 0                 ; 6       ;
;      - memory~747        ; 0                 ; 6       ;
;      - memory~748        ; 0                 ; 6       ;
;      - memory~749        ; 0                 ; 6       ;
;      - memory~750        ; 0                 ; 6       ;
;      - memory~751        ; 0                 ; 6       ;
;      - memory~752        ; 0                 ; 6       ;
;      - memory~753        ; 0                 ; 6       ;
;      - memory~754        ; 0                 ; 6       ;
;      - memory~755        ; 0                 ; 6       ;
;      - memory~756        ; 0                 ; 6       ;
;      - memory~757        ; 0                 ; 6       ;
;      - memory~758        ; 0                 ; 6       ;
;      - memory~759        ; 0                 ; 6       ;
;      - memory~760        ; 0                 ; 6       ;
;      - memory~761        ; 0                 ; 6       ;
;      - memory~762        ; 0                 ; 6       ;
;      - memory~763        ; 0                 ; 6       ;
;      - memory~764        ; 0                 ; 6       ;
;      - memory~765        ; 0                 ; 6       ;
;      - memory~766        ; 0                 ; 6       ;
;      - memory~767        ; 0                 ; 6       ;
;      - memory~768        ; 0                 ; 6       ;
;      - memory~769        ; 0                 ; 6       ;
;      - memory~770        ; 0                 ; 6       ;
;      - memory~771        ; 0                 ; 6       ;
;      - memory~772        ; 0                 ; 6       ;
;      - memory~773        ; 0                 ; 6       ;
;      - memory~774        ; 0                 ; 6       ;
;      - memory~775        ; 0                 ; 6       ;
;      - memory~776        ; 0                 ; 6       ;
;      - memory~777        ; 0                 ; 6       ;
;      - memory~778        ; 0                 ; 6       ;
;      - memory~779        ; 0                 ; 6       ;
;      - memory~780        ; 0                 ; 6       ;
;      - memory~781        ; 0                 ; 6       ;
;      - memory~782        ; 0                 ; 6       ;
;      - memory~783        ; 0                 ; 6       ;
;      - memory~784        ; 0                 ; 6       ;
;      - memory~785        ; 0                 ; 6       ;
;      - memory~786        ; 0                 ; 6       ;
;      - memory~787        ; 0                 ; 6       ;
; writeData[7]             ;                   ;         ;
;      - memory[0][7]      ; 1                 ; 6       ;
;      - memory~725        ; 1                 ; 6       ;
;      - memory~726        ; 1                 ; 6       ;
;      - memory~727        ; 1                 ; 6       ;
;      - memory~728        ; 1                 ; 6       ;
;      - memory~729        ; 1                 ; 6       ;
;      - memory~730        ; 1                 ; 6       ;
;      - memory~731        ; 1                 ; 6       ;
;      - memory~732        ; 1                 ; 6       ;
;      - memory~733        ; 1                 ; 6       ;
;      - memory~734        ; 1                 ; 6       ;
;      - memory~735        ; 1                 ; 6       ;
;      - memory~736        ; 1                 ; 6       ;
;      - memory~737        ; 1                 ; 6       ;
;      - memory~738        ; 1                 ; 6       ;
;      - memory~739        ; 1                 ; 6       ;
;      - memory~740        ; 1                 ; 6       ;
;      - memory~741        ; 1                 ; 6       ;
;      - memory~742        ; 1                 ; 6       ;
;      - memory~743        ; 1                 ; 6       ;
;      - memory~744        ; 1                 ; 6       ;
;      - memory~745        ; 1                 ; 6       ;
;      - memory~746        ; 1                 ; 6       ;
;      - memory~747        ; 1                 ; 6       ;
;      - memory~748        ; 1                 ; 6       ;
;      - memory~749        ; 1                 ; 6       ;
;      - memory~750        ; 1                 ; 6       ;
;      - memory~751        ; 1                 ; 6       ;
;      - memory~752        ; 1                 ; 6       ;
;      - memory~753        ; 1                 ; 6       ;
;      - memory~754        ; 1                 ; 6       ;
;      - memory~755        ; 1                 ; 6       ;
;      - memory~756        ; 1                 ; 6       ;
;      - memory~757        ; 1                 ; 6       ;
;      - memory~758        ; 1                 ; 6       ;
;      - memory~759        ; 1                 ; 6       ;
;      - memory~760        ; 1                 ; 6       ;
;      - memory~761        ; 1                 ; 6       ;
;      - memory~762        ; 1                 ; 6       ;
;      - memory~763        ; 1                 ; 6       ;
;      - memory~764        ; 1                 ; 6       ;
;      - memory~765        ; 1                 ; 6       ;
;      - memory~766        ; 1                 ; 6       ;
;      - memory~767        ; 1                 ; 6       ;
;      - memory~768        ; 1                 ; 6       ;
;      - memory~769        ; 1                 ; 6       ;
;      - memory~770        ; 1                 ; 6       ;
;      - memory~771        ; 1                 ; 6       ;
;      - memory~772        ; 1                 ; 6       ;
;      - memory~773        ; 1                 ; 6       ;
;      - memory~774        ; 1                 ; 6       ;
;      - memory~775        ; 1                 ; 6       ;
;      - memory~776        ; 1                 ; 6       ;
;      - memory~777        ; 1                 ; 6       ;
;      - memory~778        ; 1                 ; 6       ;
;      - memory~779        ; 1                 ; 6       ;
;      - memory~780        ; 1                 ; 6       ;
;      - memory~781        ; 1                 ; 6       ;
;      - memory~782        ; 1                 ; 6       ;
;      - memory~783        ; 1                 ; 6       ;
;      - memory~784        ; 1                 ; 6       ;
;      - memory~785        ; 1                 ; 6       ;
;      - memory~786        ; 1                 ; 6       ;
;      - memory~787        ; 1                 ; 6       ;
+--------------------------+-------------------+---------+


+------------------------------------------------------------------------------------------------------------------------------------------------+
; Control Signals                                                                                                                                ;
+-------------------+--------------------+---------+--------------+--------+----------------------+------------------+---------------------------+
; Name              ; Location           ; Fan-Out ; Usage        ; Global ; Global Resource Used ; Global Line Name ; Enable Signal Source Name ;
+-------------------+--------------------+---------+--------------+--------+----------------------+------------------+---------------------------+
; clock             ; PIN_M8             ; 512     ; Clock        ; yes    ; Global Clock         ; GCLK3            ; --                        ;
; memory[0][0]~788  ; LCCOMB_X43_Y32_N30 ; 8       ; Clock enable ; no     ; --                   ; --               ; --                        ;
; memory[10][0]~249 ; LCCOMB_X40_Y34_N20 ; 8       ; Clock enable ; no     ; --                   ; --               ; --                        ;
; memory[11][0]~318 ; LCCOMB_X38_Y35_N6  ; 8       ; Clock enable ; no     ; --                   ; --               ; --                        ;
; memory[12][0]~270 ; LCCOMB_X37_Y33_N4  ; 8       ; Clock enable ; no     ; --                   ; --               ; --                        ;
; memory[13][0]~802 ; LCCOMB_X41_Y30_N26 ; 8       ; Clock enable ; no     ; --                   ; --               ; --                        ;
; memory[14][0]~253 ; LCCOMB_X41_Y36_N22 ; 8       ; Clock enable ; no     ; --                   ; --               ; --                        ;
; memory[15][0]~322 ; LCCOMB_X40_Y34_N30 ; 8       ; Clock enable ; no     ; --                   ; --               ; --                        ;
; memory[16][0]~291 ; LCCOMB_X43_Y32_N6  ; 8       ; Clock enable ; no     ; --                   ; --               ; --                        ;
; memory[17][0]~797 ; LCCOMB_X44_Y29_N8  ; 8       ; Clock enable ; no     ; --                   ; --               ; --                        ;
; memory[18][0]~243 ; LCCOMB_X42_Y35_N14 ; 8       ; Clock enable ; no     ; --                   ; --               ; --                        ;
; memory[19][0]~304 ; LCCOMB_X34_Y34_N20 ; 8       ; Clock enable ; no     ; --                   ; --               ; --                        ;
; memory[1][0]~801  ; LCCOMB_X40_Y35_N8  ; 8       ; Clock enable ; no     ; --                   ; --               ; --                        ;
; memory[20][0]~279 ; LCCOMB_X37_Y33_N28 ; 8       ; Clock enable ; no     ; --                   ; --               ; --                        ;
; memory[21][0]~796 ; LCCOMB_X44_Y29_N20 ; 8       ; Clock enable ; no     ; --                   ; --               ; --                        ;
; memory[22][0]~239 ; LCCOMB_X43_Y35_N20 ; 8       ; Clock enable ; no     ; --                   ; --               ; --                        ;
; memory[23][0]~302 ; LCCOMB_X35_Y35_N2  ; 8       ; Clock enable ; no     ; --                   ; --               ; --                        ;
; memory[24][0]~792 ; LCCOMB_X43_Y29_N18 ; 8       ; Clock enable ; no     ; --                   ; --               ; --                        ;
; memory[25][0]~795 ; LCCOMB_X44_Y29_N0  ; 8       ; Clock enable ; no     ; --                   ; --               ; --                        ;
; memory[26][0]~241 ; LCCOMB_X43_Y34_N22 ; 8       ; Clock enable ; no     ; --                   ; --               ; --                        ;
; memory[27][0]~300 ; LCCOMB_X36_Y33_N28 ; 8       ; Clock enable ; no     ; --                   ; --               ; --                        ;
; memory[28][0]~264 ; LCCOMB_X38_Y31_N12 ; 8       ; Clock enable ; no     ; --                   ; --               ; --                        ;
; memory[29][0]~798 ; LCCOMB_X44_Y29_N4  ; 8       ; Clock enable ; no     ; --                   ; --               ; --                        ;
; memory[2][0]~251  ; LCCOMB_X38_Y35_N4  ; 8       ; Clock enable ; no     ; --                   ; --               ; --                        ;
; memory[30][0]~245 ; LCCOMB_X43_Y35_N14 ; 8       ; Clock enable ; no     ; --                   ; --               ; --                        ;
; memory[31][0]~306 ; LCCOMB_X36_Y34_N20 ; 8       ; Clock enable ; no     ; --                   ; --               ; --                        ;
; memory[32][0]~294 ; LCCOMB_X43_Y32_N26 ; 8       ; Clock enable ; no     ; --                   ; --               ; --                        ;
; memory[33][0]~810 ; LCCOMB_X41_Y31_N22 ; 8       ; Clock enable ; no     ; --                   ; --               ; --                        ;
; memory[34][0]~235 ; LCCOMB_X42_Y35_N2  ; 8       ; Clock enable ; no     ; --                   ; --               ; --                        ;
; memory[35][0]~312 ; LCCOMB_X34_Y34_N22 ; 8       ; Clock enable ; no     ; --                   ; --               ; --                        ;
; memory[36][0]~276 ; LCCOMB_X37_Y33_N0  ; 8       ; Clock enable ; no     ; --                   ; --               ; --                        ;
; memory[37][0]~808 ; LCCOMB_X40_Y29_N22 ; 8       ; Clock enable ; no     ; --                   ; --               ; --                        ;
; memory[38][0]~231 ; LCCOMB_X43_Y36_N4  ; 8       ; Clock enable ; no     ; --                   ; --               ; --                        ;
; memory[39][0]~308 ; LCCOMB_X35_Y35_N22 ; 8       ; Clock enable ; no     ; --                   ; --               ; --                        ;
; memory[3][0]~320  ; LCCOMB_X37_Y36_N20 ; 8       ; Clock enable ; no     ; --                   ; --               ; --                        ;
; memory[40][0]~807 ; LCCOMB_X44_Y32_N22 ; 8       ; Clock enable ; no     ; --                   ; --               ; --                        ;
; memory[41][0]~809 ; LCCOMB_X39_Y31_N14 ; 8       ; Clock enable ; no     ; --                   ; --               ; --                        ;
; memory[42][0]~233 ; LCCOMB_X43_Y34_N4  ; 8       ; Clock enable ; no     ; --                   ; --               ; --                        ;
; memory[43][0]~310 ; LCCOMB_X36_Y33_N6  ; 8       ; Clock enable ; no     ; --                   ; --               ; --                        ;
; memory[44][0]~267 ; LCCOMB_X37_Y33_N8  ; 8       ; Clock enable ; no     ; --                   ; --               ; --                        ;
; memory[45][0]~811 ; LCCOMB_X41_Y30_N22 ; 8       ; Clock enable ; no     ; --                   ; --               ; --                        ;
; memory[46][0]~237 ; LCCOMB_X43_Y36_N22 ; 8       ; Clock enable ; no     ; --                   ; --               ; --                        ;
; memory[47][0]~314 ; LCCOMB_X36_Y34_N14 ; 8       ; Clock enable ; no     ; --                   ; --               ; --                        ;
; memory[48][0]~288 ; LCCOMB_X41_Y32_N14 ; 8       ; Clock enable ; no     ; --                   ; --               ; --                        ;
; memory[49][0]~805 ; LCCOMB_X44_Y29_N24 ; 8       ; Clock enable ; no     ; --                   ; --               ; --                        ;
; memory[4][0]~282  ; LCCOMB_X37_Y33_N16 ; 8       ; Clock enable ; no     ; --                   ; --               ; --                        ;
; memory[50][0]~259 ; LCCOMB_X41_Y33_N6  ; 8       ; Clock enable ; no     ; --                   ; --               ; --                        ;
; memory[51][0]~328 ; LCCOMB_X37_Y36_N14 ; 8       ; Clock enable ; no     ; --                   ; --               ; --                        ;
; memory[52][0]~285 ; LCCOMB_X37_Y33_N20 ; 8       ; Clock enable ; no     ; --                   ; --               ; --                        ;
; memory[53][0]~804 ; LCCOMB_X44_Y29_N12 ; 8       ; Clock enable ; no     ; --                   ; --               ; --                        ;
; memory[54][0]~255 ; LCCOMB_X41_Y33_N28 ; 8       ; Clock enable ; no     ; --                   ; --               ; --                        ;
; memory[55][0]~326 ; LCCOMB_X36_Y35_N30 ; 8       ; Clock enable ; no     ; --                   ; --               ; --                        ;
; memory[56][0]~794 ; LCCOMB_X43_Y29_N6  ; 8       ; Clock enable ; no     ; --                   ; --               ; --                        ;
; memory[57][0]~803 ; LCCOMB_X44_Y29_N16 ; 8       ; Clock enable ; no     ; --                   ; --               ; --                        ;
; memory[58][0]~257 ; LCCOMB_X41_Y34_N28 ; 8       ; Clock enable ; no     ; --                   ; --               ; --                        ;
; memory[59][0]~324 ; LCCOMB_X35_Y36_N28 ; 8       ; Clock enable ; no     ; --                   ; --               ; --                        ;
; memory[5][0]~799  ; LCCOMB_X41_Y30_N28 ; 8       ; Clock enable ; no     ; --                   ; --               ; --                        ;
; memory[60][0]~273 ; LCCOMB_X34_Y31_N14 ; 8       ; Clock enable ; no     ; --                   ; --               ; --                        ;
; memory[61][0]~806 ; LCCOMB_X44_Y29_N28 ; 8       ; Clock enable ; no     ; --                   ; --               ; --                        ;
; memory[62][0]~261 ; LCCOMB_X41_Y34_N30 ; 8       ; Clock enable ; no     ; --                   ; --               ; --                        ;
; memory[63][0]~330 ; LCCOMB_X35_Y36_N22 ; 8       ; Clock enable ; no     ; --                   ; --               ; --                        ;
; memory[6][0]~247  ; LCCOMB_X41_Y36_N12 ; 8       ; Clock enable ; no     ; --                   ; --               ; --                        ;
; memory[7][0]~316  ; LCCOMB_X36_Y35_N4  ; 8       ; Clock enable ; no     ; --                   ; --               ; --                        ;
; memory[8][0]~793  ; LCCOMB_X43_Y29_N20 ; 8       ; Clock enable ; no     ; --                   ; --               ; --                        ;
; memory[9][0]~800  ; LCCOMB_X41_Y30_N8  ; 8       ; Clock enable ; no     ; --                   ; --               ; --                        ;
+-------------------+--------------------+---------+--------------+--------+----------------------+------------------+---------------------------+


+-----------------------------------------------------------------------------------------------------------------------------------------+
; Global & Other Fast Signals                                                                                                             ;
+-------+----------+---------+--------------------------------------+----------------------+------------------+---------------------------+
; Name  ; Location ; Fan-Out ; Fan-Out Using Intentional Clock Skew ; Global Resource Used ; Global Line Name ; Enable Signal Source Name ;
+-------+----------+---------+--------------------------------------+----------------------+------------------+---------------------------+
; clock ; PIN_M8   ; 512     ; 0                                    ; Global Clock         ; GCLK3            ; --                        ;
+-------+----------+---------+--------------------------------------+----------------------+------------------+---------------------------+


+-------------------------------------------------+
; Routing Usage Summary                           ;
+-----------------------+-------------------------+
; Routing Resource Type ; Usage                   ;
+-----------------------+-------------------------+
; Block interconnects   ; 1,840 / 148,641 ( 1 % ) ;
; C16 interconnects     ; 43 / 5,382 ( < 1 % )    ;
; C4 interconnects      ; 879 / 106,704 ( < 1 % ) ;
; Direct links          ; 142 / 148,641 ( < 1 % ) ;
; Global clocks         ; 1 / 20 ( 5 % )          ;
; Local interconnects   ; 405 / 49,760 ( < 1 % )  ;
; NSLEEPs               ; 0 / 500 ( 0 % )         ;
; R24 interconnects     ; 26 / 5,406 ( < 1 % )    ;
; R4 interconnects      ; 900 / 147,764 ( < 1 % ) ;
+-----------------------+-------------------------+


+----------------------------------------------------------------------------+
; LAB Logic Elements                                                         ;
+---------------------------------------------+------------------------------+
; Number of Logic Elements  (Average = 14.89) ; Number of LABs  (Total = 71) ;
+---------------------------------------------+------------------------------+
; 1                                           ; 1                            ;
; 2                                           ; 2                            ;
; 3                                           ; 0                            ;
; 4                                           ; 1                            ;
; 5                                           ; 0                            ;
; 6                                           ; 0                            ;
; 7                                           ; 0                            ;
; 8                                           ; 0                            ;
; 9                                           ; 1                            ;
; 10                                          ; 0                            ;
; 11                                          ; 0                            ;
; 12                                          ; 0                            ;
; 13                                          ; 3                            ;
; 14                                          ; 1                            ;
; 15                                          ; 6                            ;
; 16                                          ; 56                           ;
+---------------------------------------------+------------------------------+


+-------------------------------------------------------------------+
; LAB-wide Signals                                                  ;
+------------------------------------+------------------------------+
; LAB-wide Signals  (Average = 1.54) ; Number of LABs  (Total = 71) ;
+------------------------------------+------------------------------+
; 1 Clock                            ; 64                           ;
; 1 Clock enable                     ; 11                           ;
; 2 Clock enables                    ; 34                           ;
+------------------------------------+------------------------------+


+-----------------------------------------------------------------------------+
; LAB Signals Sourced                                                         ;
+----------------------------------------------+------------------------------+
; Number of Signals Sourced  (Average = 22.10) ; Number of LABs  (Total = 71) ;
+----------------------------------------------+------------------------------+
; 0                                            ; 0                            ;
; 1                                            ; 1                            ;
; 2                                            ; 0                            ;
; 3                                            ; 0                            ;
; 4                                            ; 2                            ;
; 5                                            ; 0                            ;
; 6                                            ; 1                            ;
; 7                                            ; 0                            ;
; 8                                            ; 0                            ;
; 9                                            ; 0                            ;
; 10                                           ; 0                            ;
; 11                                           ; 0                            ;
; 12                                           ; 0                            ;
; 13                                           ; 2                            ;
; 14                                           ; 0                            ;
; 15                                           ; 1                            ;
; 16                                           ; 6                            ;
; 17                                           ; 6                            ;
; 18                                           ; 8                            ;
; 19                                           ; 4                            ;
; 20                                           ; 3                            ;
; 21                                           ; 2                            ;
; 22                                           ; 1                            ;
; 23                                           ; 2                            ;
; 24                                           ; 0                            ;
; 25                                           ; 3                            ;
; 26                                           ; 4                            ;
; 27                                           ; 2                            ;
; 28                                           ; 1                            ;
; 29                                           ; 6                            ;
; 30                                           ; 9                            ;
; 31                                           ; 4                            ;
; 32                                           ; 3                            ;
+----------------------------------------------+------------------------------+


+--------------------------------------------------------------------------------+
; LAB Signals Sourced Out                                                        ;
+-------------------------------------------------+------------------------------+
; Number of Signals Sourced Out  (Average = 9.62) ; Number of LABs  (Total = 71) ;
+-------------------------------------------------+------------------------------+
; 0                                               ; 0                            ;
; 1                                               ; 1                            ;
; 2                                               ; 4                            ;
; 3                                               ; 1                            ;
; 4                                               ; 5                            ;
; 5                                               ; 8                            ;
; 6                                               ; 6                            ;
; 7                                               ; 2                            ;
; 8                                               ; 3                            ;
; 9                                               ; 8                            ;
; 10                                              ; 1                            ;
; 11                                              ; 2                            ;
; 12                                              ; 3                            ;
; 13                                              ; 4                            ;
; 14                                              ; 5                            ;
; 15                                              ; 13                           ;
; 16                                              ; 5                            ;
+-------------------------------------------------+------------------------------+


+-----------------------------------------------------------------------------+
; LAB Distinct Inputs                                                         ;
+----------------------------------------------+------------------------------+
; Number of Distinct Inputs  (Average = 25.34) ; Number of LABs  (Total = 71) ;
+----------------------------------------------+------------------------------+
; 0                                            ; 0                            ;
; 1                                            ; 0                            ;
; 2                                            ; 0                            ;
; 3                                            ; 0                            ;
; 4                                            ; 0                            ;
; 5                                            ; 0                            ;
; 6                                            ; 1                            ;
; 7                                            ; 0                            ;
; 8                                            ; 0                            ;
; 9                                            ; 2                            ;
; 10                                           ; 1                            ;
; 11                                           ; 0                            ;
; 12                                           ; 2                            ;
; 13                                           ; 1                            ;
; 14                                           ; 0                            ;
; 15                                           ; 0                            ;
; 16                                           ; 0                            ;
; 17                                           ; 0                            ;
; 18                                           ; 1                            ;
; 19                                           ; 0                            ;
; 20                                           ; 1                            ;
; 21                                           ; 1                            ;
; 22                                           ; 3                            ;
; 23                                           ; 6                            ;
; 24                                           ; 3                            ;
; 25                                           ; 7                            ;
; 26                                           ; 5                            ;
; 27                                           ; 8                            ;
; 28                                           ; 4                            ;
; 29                                           ; 6                            ;
; 30                                           ; 2                            ;
; 31                                           ; 3                            ;
; 32                                           ; 6                            ;
; 33                                           ; 3                            ;
; 34                                           ; 1                            ;
; 35                                           ; 1                            ;
; 36                                           ; 1                            ;
; 37                                           ; 1                            ;
+----------------------------------------------+------------------------------+


+------------------------------------------+
; I/O Rules Summary                        ;
+----------------------------------+-------+
; I/O Rules Statistic              ; Total ;
+----------------------------------+-------+
; Total I/O Rules                  ; 30    ;
; Number of I/O Rules Passed       ; 9     ;
; Number of I/O Rules Failed       ; 0     ;
; Number of I/O Rules Unchecked    ; 0     ;
; Number of I/O Rules Inapplicable ; 21    ;
+----------------------------------+-------+


+-----------------------------------------------------------------------------------------------------------------------------------------------------------------------------------------------------------------------------------------------------------------------------------------------------+
; I/O Rules Details                                                                                                                                                                                                                                                                                   ;
+--------------+-----------+-----------------------------------+------------------------------------------------------------------------------------------------------+----------+--------------------------------------------------------------------------+---------------------+-------------------+
; Status       ; ID        ; Category                          ; Rule Description                                                                                     ; Severity ; Information                                                              ; Area                ; Extra Information ;
+--------------+-----------+-----------------------------------+------------------------------------------------------------------------------------------------------+----------+--------------------------------------------------------------------------+---------------------+-------------------+
; Inapplicable ; IO_000002 ; Capacity Checks                   ; Number of clocks in an I/O bank should not exceed the number of clocks available.                    ; Critical ; No Global Signal assignments found.                                      ; I/O                 ;                   ;
; Inapplicable ; IO_000001 ; Capacity Checks                   ; Number of pins in an I/O bank should not exceed the number of locations available.                   ; Critical ; No Location assignments found.                                           ; I/O                 ;                   ;
; Inapplicable ; IO_000003 ; Capacity Checks                   ; Number of pins in a Vrefgroup should not exceed the number of locations available.                   ; Critical ; No Location assignments found.                                           ; I/O                 ;                   ;
; Inapplicable ; IO_000004 ; Voltage Compatibility Checks      ; The I/O bank should support the requested VCCIO.                                                     ; Critical ; No IOBANK_VCCIO assignments found.                                       ; I/O                 ;                   ;
; Inapplicable ; IO_000005 ; Voltage Compatibility Checks      ; The I/O bank should not have competing VREF values.                                                  ; Critical ; No VREF I/O Standard assignments found.                                  ; I/O                 ;                   ;
; Pass         ; IO_000006 ; Voltage Compatibility Checks      ; The I/O bank should not have competing VCCIO values.                                                 ; Critical ; 0 such failures found.                                                   ; I/O                 ;                   ;
; Inapplicable ; IO_000007 ; Valid Location Checks             ; Checks for unavailable locations.                                                                    ; Critical ; No Location assignments found.                                           ; I/O                 ;                   ;
; Inapplicable ; IO_000008 ; Valid Location Checks             ; Checks for reserved locations.                                                                       ; Critical ; No reserved LogicLock region found.                                      ; I/O                 ;                   ;
; Inapplicable ; IO_000047 ; I/O Properties Checks for One I/O ; On Chip Termination and Slew Rate should not be used at the same time.                               ; Critical ; No Slew Rate assignments found.                                          ; I/O                 ;                   ;
; Inapplicable ; IO_000046 ; I/O Properties Checks for One I/O ; The location should support the requested Slew Rate value.                                           ; Critical ; No Slew Rate assignments found.                                          ; I/O                 ;                   ;
; Inapplicable ; IO_000045 ; I/O Properties Checks for One I/O ; The I/O standard should support the requested Slew Rate value.                                       ; Critical ; No Slew Rate assignments found.                                          ; I/O                 ;                   ;
; Inapplicable ; IO_000027 ; I/O Properties Checks for One I/O ; Weak Pull Up and Bus Hold should not be used at the same time.                                       ; Critical ; No Enable Bus-Hold Circuitry or Weak Pull-Up Resistor assignments found. ; I/O                 ;                   ;
; Inapplicable ; IO_000026 ; I/O Properties Checks for One I/O ; On Chip Termination and Current Strength should not be used at the same time.                        ; Critical ; No Current Strength assignments found.                                   ; I/O                 ;                   ;
; Pass         ; IO_000024 ; I/O Properties Checks for One I/O ; The I/O direction should support the On Chip Termination value.                                      ; Critical ; 0 such failures found.                                                   ; I/O                 ;                   ;
; Inapplicable ; IO_000023 ; I/O Properties Checks for One I/O ; The I/O standard should support the Open Drain value.                                                ; Critical ; No open drain assignments found.                                         ; I/O                 ;                   ;
; Inapplicable ; IO_000022 ; I/O Properties Checks for One I/O ; The I/O standard should support the requested Bus Hold value.                                        ; Critical ; No Enable Bus-Hold Circuitry assignments found.                          ; I/O                 ;                   ;
; Inapplicable ; IO_000021 ; I/O Properties Checks for One I/O ; The I/O standard should support the requested Weak Pull Up value.                                    ; Critical ; No Weak Pull-Up Resistor assignments found.                              ; I/O                 ;                   ;
; Pass         ; IO_000020 ; I/O Properties Checks for One I/O ; The I/O standard should support the requested PCI Clamp Diode.                                       ; Critical ; 0 such failures found.                                                   ; I/O                 ;                   ;
; Pass         ; IO_000019 ; I/O Properties Checks for One I/O ; The I/O standard should support the requested On Chip Termination value.                             ; Critical ; 0 such failures found.                                                   ; I/O                 ;                   ;
; Inapplicable ; IO_000018 ; I/O Properties Checks for One I/O ; The I/O standard should support the requested Current Strength.                                      ; Critical ; No Current Strength assignments found.                                   ; I/O                 ;                   ;
; Pass         ; IO_000015 ; I/O Properties Checks for One I/O ; The location should support the requested PCI Clamp Diode.                                           ; Critical ; 0 such failures found.                                                   ; I/O                 ;                   ;
; Inapplicable ; IO_000014 ; I/O Properties Checks for One I/O ; The location should support the requested Weak Pull Up value.                                        ; Critical ; No Weak Pull-Up Resistor assignments found.                              ; I/O                 ;                   ;
; Inapplicable ; IO_000013 ; I/O Properties Checks for One I/O ; The location should support the requested Bus Hold value.                                            ; Critical ; No Enable Bus-Hold Circuitry assignments found.                          ; I/O                 ;                   ;
; Pass         ; IO_000012 ; I/O Properties Checks for One I/O ; The location should support the requested On Chip Termination value.                                 ; Critical ; 0 such failures found.                                                   ; I/O                 ;                   ;
; Inapplicable ; IO_000011 ; I/O Properties Checks for One I/O ; The location should support the requested Current Strength.                                          ; Critical ; No Current Strength assignments found.                                   ; I/O                 ;                   ;
; Pass         ; IO_000010 ; I/O Properties Checks for One I/O ; The location should support the requested I/O direction.                                             ; Critical ; 0 such failures found.                                                   ; I/O                 ;                   ;
; Pass         ; IO_000009 ; I/O Properties Checks for One I/O ; The location should support the requested I/O standard.                                              ; Critical ; 0 such failures found.                                                   ; I/O                 ;                   ;
; Pass         ; IO_000033 ; Electromigration Checks           ; Current density for consecutive I/Os should not exceed 160mA for row I/Os and 160mA for column I/Os. ; Critical ; 0 such failures found.                                                   ; I/O                 ;                   ;
; Inapplicable ; IO_000034 ; SI Related Distance Checks        ; Single-ended outputs should be 5 LAB row(s) away from a differential I/O.                            ; High     ; No Differential I/O Standard assignments found.                          ; I/O                 ;                   ;
; Inapplicable ; IO_000042 ; SI Related SSO Limit Checks       ; No more than 20 outputs are allowed in a VREF group when VREF is being read from.                    ; High     ; No VREF I/O Standard assignments found.                                  ; I/O                 ;                   ;
; ----         ; ----      ; Disclaimer                        ; OCT rules are checked but not reported.                                                              ; None     ; ----                                                                     ; On Chip Termination ;                   ;
+--------------+-----------+-----------------------------------+------------------------------------------------------------------------------------------------------+----------+--------------------------------------------------------------------------+---------------------+-------------------+


+--------------------------------------------------------------------------------------------------------------------------------------------------------------------------------------------------------------------------------------------------------------------------------------------------------------------------------------------------------------------------------------------------------------------------------------------------------------------------+
; I/O Rules Matrix                                                                                                                                                                                                                                                                                                                                                                                                                                                         ;
+--------------------+--------------+--------------+--------------+--------------+--------------+-----------+--------------+--------------+--------------+--------------+--------------+--------------+--------------+--------------+--------------+--------------+--------------+--------------+--------------+--------------+--------------+--------------+--------------+--------------+--------------+-----------+-----------+-----------+--------------+--------------+
; Pin/Rules          ; IO_000002    ; IO_000001    ; IO_000003    ; IO_000004    ; IO_000005    ; IO_000006 ; IO_000007    ; IO_000008    ; IO_000047    ; IO_000046    ; IO_000045    ; IO_000027    ; IO_000026    ; IO_000024    ; IO_000023    ; IO_000022    ; IO_000021    ; IO_000020    ; IO_000019    ; IO_000018    ; IO_000015    ; IO_000014    ; IO_000013    ; IO_000012    ; IO_000011    ; IO_000010 ; IO_000009 ; IO_000033 ; IO_000034    ; IO_000042    ;
+--------------------+--------------+--------------+--------------+--------------+--------------+-----------+--------------+--------------+--------------+--------------+--------------+--------------+--------------+--------------+--------------+--------------+--------------+--------------+--------------+--------------+--------------+--------------+--------------+--------------+--------------+-----------+-----------+-----------+--------------+--------------+
; Total Pass         ; 0            ; 0            ; 0            ; 0            ; 0            ; 41        ; 0            ; 0            ; 0            ; 0            ; 0            ; 0            ; 0            ; 16           ; 0            ; 0            ; 0            ; 25           ; 16           ; 0            ; 25           ; 0            ; 0            ; 16           ; 0            ; 41        ; 41        ; 41        ; 0            ; 0            ;
; Total Unchecked    ; 0            ; 0            ; 0            ; 0            ; 0            ; 0         ; 0            ; 0            ; 0            ; 0            ; 0            ; 0            ; 0            ; 0            ; 0            ; 0            ; 0            ; 0            ; 0            ; 0            ; 0            ; 0            ; 0            ; 0            ; 0            ; 0         ; 0         ; 0         ; 0            ; 0            ;
; Total Inapplicable ; 41           ; 41           ; 41           ; 41           ; 41           ; 0         ; 41           ; 41           ; 41           ; 41           ; 41           ; 41           ; 41           ; 25           ; 41           ; 41           ; 41           ; 16           ; 25           ; 41           ; 16           ; 41           ; 41           ; 25           ; 41           ; 0         ; 0         ; 0         ; 41           ; 41           ;
; Total Fail         ; 0            ; 0            ; 0            ; 0            ; 0            ; 0         ; 0            ; 0            ; 0            ; 0            ; 0            ; 0            ; 0            ; 0            ; 0            ; 0            ; 0            ; 0            ; 0            ; 0            ; 0            ; 0            ; 0            ; 0            ; 0            ; 0         ; 0         ; 0         ; 0            ; 0            ;
; readData[0]        ; Inapplicable ; Inapplicable ; Inapplicable ; Inapplicable ; Inapplicable ; Pass      ; Inapplicable ; Inapplicable ; Inapplicable ; Inapplicable ; Inapplicable ; Inapplicable ; Inapplicable ; Pass         ; Inapplicable ; Inapplicable ; Inapplicable ; Inapplicable ; Pass         ; Inapplicable ; Inapplicable ; Inapplicable ; Inapplicable ; Pass         ; Inapplicable ; Pass      ; Pass      ; Pass      ; Inapplicable ; Inapplicable ;
; readData[1]        ; Inapplicable ; Inapplicable ; Inapplicable ; Inapplicable ; Inapplicable ; Pass      ; Inapplicable ; Inapplicable ; Inapplicable ; Inapplicable ; Inapplicable ; Inapplicable ; Inapplicable ; Pass         ; Inapplicable ; Inapplicable ; Inapplicable ; Inapplicable ; Pass         ; Inapplicable ; Inapplicable ; Inapplicable ; Inapplicable ; Pass         ; Inapplicable ; Pass      ; Pass      ; Pass      ; Inapplicable ; Inapplicable ;
; readData[2]        ; Inapplicable ; Inapplicable ; Inapplicable ; Inapplicable ; Inapplicable ; Pass      ; Inapplicable ; Inapplicable ; Inapplicable ; Inapplicable ; Inapplicable ; Inapplicable ; Inapplicable ; Pass         ; Inapplicable ; Inapplicable ; Inapplicable ; Inapplicable ; Pass         ; Inapplicable ; Inapplicable ; Inapplicable ; Inapplicable ; Pass         ; Inapplicable ; Pass      ; Pass      ; Pass      ; Inapplicable ; Inapplicable ;
; readData[3]        ; Inapplicable ; Inapplicable ; Inapplicable ; Inapplicable ; Inapplicable ; Pass      ; Inapplicable ; Inapplicable ; Inapplicable ; Inapplicable ; Inapplicable ; Inapplicable ; Inapplicable ; Pass         ; Inapplicable ; Inapplicable ; Inapplicable ; Inapplicable ; Pass         ; Inapplicable ; Inapplicable ; Inapplicable ; Inapplicable ; Pass         ; Inapplicable ; Pass      ; Pass      ; Pass      ; Inapplicable ; Inapplicable ;
; readData[4]        ; Inapplicable ; Inapplicable ; Inapplicable ; Inapplicable ; Inapplicable ; Pass      ; Inapplicable ; Inapplicable ; Inapplicable ; Inapplicable ; Inapplicable ; Inapplicable ; Inapplicable ; Pass         ; Inapplicable ; Inapplicable ; Inapplicable ; Inapplicable ; Pass         ; Inapplicable ; Inapplicable ; Inapplicable ; Inapplicable ; Pass         ; Inapplicable ; Pass      ; Pass      ; Pass      ; Inapplicable ; Inapplicable ;
; readData[5]        ; Inapplicable ; Inapplicable ; Inapplicable ; Inapplicable ; Inapplicable ; Pass      ; Inapplicable ; Inapplicable ; Inapplicable ; Inapplicable ; Inapplicable ; Inapplicable ; Inapplicable ; Pass         ; Inapplicable ; Inapplicable ; Inapplicable ; Inapplicable ; Pass         ; Inapplicable ; Inapplicable ; Inapplicable ; Inapplicable ; Pass         ; Inapplicable ; Pass      ; Pass      ; Pass      ; Inapplicable ; Inapplicable ;
; readData[6]        ; Inapplicable ; Inapplicable ; Inapplicable ; Inapplicable ; Inapplicable ; Pass      ; Inapplicable ; Inapplicable ; Inapplicable ; Inapplicable ; Inapplicable ; Inapplicable ; Inapplicable ; Pass         ; Inapplicable ; Inapplicable ; Inapplicable ; Inapplicable ; Pass         ; Inapplicable ; Inapplicable ; Inapplicable ; Inapplicable ; Pass         ; Inapplicable ; Pass      ; Pass      ; Pass      ; Inapplicable ; Inapplicable ;
; readData[7]        ; Inapplicable ; Inapplicable ; Inapplicable ; Inapplicable ; Inapplicable ; Pass      ; Inapplicable ; Inapplicable ; Inapplicable ; Inapplicable ; Inapplicable ; Inapplicable ; Inapplicable ; Pass         ; Inapplicable ; Inapplicable ; Inapplicable ; Inapplicable ; Pass         ; Inapplicable ; Inapplicable ; Inapplicable ; Inapplicable ; Pass         ; Inapplicable ; Pass      ; Pass      ; Pass      ; Inapplicable ; Inapplicable ;
; readData[8]        ; Inapplicable ; Inapplicable ; Inapplicable ; Inapplicable ; Inapplicable ; Pass      ; Inapplicable ; Inapplicable ; Inapplicable ; Inapplicable ; Inapplicable ; Inapplicable ; Inapplicable ; Pass         ; Inapplicable ; Inapplicable ; Inapplicable ; Inapplicable ; Pass         ; Inapplicable ; Inapplicable ; Inapplicable ; Inapplicable ; Pass         ; Inapplicable ; Pass      ; Pass      ; Pass      ; Inapplicable ; Inapplicable ;
; readData[9]        ; Inapplicable ; Inapplicable ; Inapplicable ; Inapplicable ; Inapplicable ; Pass      ; Inapplicable ; Inapplicable ; Inapplicable ; Inapplicable ; Inapplicable ; Inapplicable ; Inapplicable ; Pass         ; Inapplicable ; Inapplicable ; Inapplicable ; Inapplicable ; Pass         ; Inapplicable ; Inapplicable ; Inapplicable ; Inapplicable ; Pass         ; Inapplicable ; Pass      ; Pass      ; Pass      ; Inapplicable ; Inapplicable ;
; readData[10]       ; Inapplicable ; Inapplicable ; Inapplicable ; Inapplicable ; Inapplicable ; Pass      ; Inapplicable ; Inapplicable ; Inapplicable ; Inapplicable ; Inapplicable ; Inapplicable ; Inapplicable ; Pass         ; Inapplicable ; Inapplicable ; Inapplicable ; Inapplicable ; Pass         ; Inapplicable ; Inapplicable ; Inapplicable ; Inapplicable ; Pass         ; Inapplicable ; Pass      ; Pass      ; Pass      ; Inapplicable ; Inapplicable ;
; readData[11]       ; Inapplicable ; Inapplicable ; Inapplicable ; Inapplicable ; Inapplicable ; Pass      ; Inapplicable ; Inapplicable ; Inapplicable ; Inapplicable ; Inapplicable ; Inapplicable ; Inapplicable ; Pass         ; Inapplicable ; Inapplicable ; Inapplicable ; Inapplicable ; Pass         ; Inapplicable ; Inapplicable ; Inapplicable ; Inapplicable ; Pass         ; Inapplicable ; Pass      ; Pass      ; Pass      ; Inapplicable ; Inapplicable ;
; readData[12]       ; Inapplicable ; Inapplicable ; Inapplicable ; Inapplicable ; Inapplicable ; Pass      ; Inapplicable ; Inapplicable ; Inapplicable ; Inapplicable ; Inapplicable ; Inapplicable ; Inapplicable ; Pass         ; Inapplicable ; Inapplicable ; Inapplicable ; Inapplicable ; Pass         ; Inapplicable ; Inapplicable ; Inapplicable ; Inapplicable ; Pass         ; Inapplicable ; Pass      ; Pass      ; Pass      ; Inapplicable ; Inapplicable ;
; readData[13]       ; Inapplicable ; Inapplicable ; Inapplicable ; Inapplicable ; Inapplicable ; Pass      ; Inapplicable ; Inapplicable ; Inapplicable ; Inapplicable ; Inapplicable ; Inapplicable ; Inapplicable ; Pass         ; Inapplicable ; Inapplicable ; Inapplicable ; Inapplicable ; Pass         ; Inapplicable ; Inapplicable ; Inapplicable ; Inapplicable ; Pass         ; Inapplicable ; Pass      ; Pass      ; Pass      ; Inapplicable ; Inapplicable ;
; readData[14]       ; Inapplicable ; Inapplicable ; Inapplicable ; Inapplicable ; Inapplicable ; Pass      ; Inapplicable ; Inapplicable ; Inapplicable ; Inapplicable ; Inapplicable ; Inapplicable ; Inapplicable ; Pass         ; Inapplicable ; Inapplicable ; Inapplicable ; Inapplicable ; Pass         ; Inapplicable ; Inapplicable ; Inapplicable ; Inapplicable ; Pass         ; Inapplicable ; Pass      ; Pass      ; Pass      ; Inapplicable ; Inapplicable ;
; readData[15]       ; Inapplicable ; Inapplicable ; Inapplicable ; Inapplicable ; Inapplicable ; Pass      ; Inapplicable ; Inapplicable ; Inapplicable ; Inapplicable ; Inapplicable ; Inapplicable ; Inapplicable ; Pass         ; Inapplicable ; Inapplicable ; Inapplicable ; Inapplicable ; Pass         ; Inapplicable ; Inapplicable ; Inapplicable ; Inapplicable ; Pass         ; Inapplicable ; Pass      ; Pass      ; Pass      ; Inapplicable ; Inapplicable ;
; memRead            ; Inapplicable ; Inapplicable ; Inapplicable ; Inapplicable ; Inapplicable ; Pass      ; Inapplicable ; Inapplicable ; Inapplicable ; Inapplicable ; Inapplicable ; Inapplicable ; Inapplicable ; Inapplicable ; Inapplicable ; Inapplicable ; Inapplicable ; Pass         ; Inapplicable ; Inapplicable ; Pass         ; Inapplicable ; Inapplicable ; Inapplicable ; Inapplicable ; Pass      ; Pass      ; Pass      ; Inapplicable ; Inapplicable ;
; address[2]         ; Inapplicable ; Inapplicable ; Inapplicable ; Inapplicable ; Inapplicable ; Pass      ; Inapplicable ; Inapplicable ; Inapplicable ; Inapplicable ; Inapplicable ; Inapplicable ; Inapplicable ; Inapplicable ; Inapplicable ; Inapplicable ; Inapplicable ; Pass         ; Inapplicable ; Inapplicable ; Pass         ; Inapplicable ; Inapplicable ; Inapplicable ; Inapplicable ; Pass      ; Pass      ; Pass      ; Inapplicable ; Inapplicable ;
; address[3]         ; Inapplicable ; Inapplicable ; Inapplicable ; Inapplicable ; Inapplicable ; Pass      ; Inapplicable ; Inapplicable ; Inapplicable ; Inapplicable ; Inapplicable ; Inapplicable ; Inapplicable ; Inapplicable ; Inapplicable ; Inapplicable ; Inapplicable ; Pass         ; Inapplicable ; Inapplicable ; Pass         ; Inapplicable ; Inapplicable ; Inapplicable ; Inapplicable ; Pass      ; Pass      ; Pass      ; Inapplicable ; Inapplicable ;
; address[5]         ; Inapplicable ; Inapplicable ; Inapplicable ; Inapplicable ; Inapplicable ; Pass      ; Inapplicable ; Inapplicable ; Inapplicable ; Inapplicable ; Inapplicable ; Inapplicable ; Inapplicable ; Inapplicable ; Inapplicable ; Inapplicable ; Inapplicable ; Pass         ; Inapplicable ; Inapplicable ; Pass         ; Inapplicable ; Inapplicable ; Inapplicable ; Inapplicable ; Pass      ; Pass      ; Pass      ; Inapplicable ; Inapplicable ;
; address[4]         ; Inapplicable ; Inapplicable ; Inapplicable ; Inapplicable ; Inapplicable ; Pass      ; Inapplicable ; Inapplicable ; Inapplicable ; Inapplicable ; Inapplicable ; Inapplicable ; Inapplicable ; Inapplicable ; Inapplicable ; Inapplicable ; Inapplicable ; Pass         ; Inapplicable ; Inapplicable ; Pass         ; Inapplicable ; Inapplicable ; Inapplicable ; Inapplicable ; Pass      ; Pass      ; Pass      ; Inapplicable ; Inapplicable ;
; address[0]         ; Inapplicable ; Inapplicable ; Inapplicable ; Inapplicable ; Inapplicable ; Pass      ; Inapplicable ; Inapplicable ; Inapplicable ; Inapplicable ; Inapplicable ; Inapplicable ; Inapplicable ; Inapplicable ; Inapplicable ; Inapplicable ; Inapplicable ; Pass         ; Inapplicable ; Inapplicable ; Pass         ; Inapplicable ; Inapplicable ; Inapplicable ; Inapplicable ; Pass      ; Pass      ; Pass      ; Inapplicable ; Inapplicable ;
; address[1]         ; Inapplicable ; Inapplicable ; Inapplicable ; Inapplicable ; Inapplicable ; Pass      ; Inapplicable ; Inapplicable ; Inapplicable ; Inapplicable ; Inapplicable ; Inapplicable ; Inapplicable ; Inapplicable ; Inapplicable ; Inapplicable ; Inapplicable ; Pass         ; Inapplicable ; Inapplicable ; Pass         ; Inapplicable ; Inapplicable ; Inapplicable ; Inapplicable ; Pass      ; Pass      ; Pass      ; Inapplicable ; Inapplicable ;
; writeData[8]       ; Inapplicable ; Inapplicable ; Inapplicable ; Inapplicable ; Inapplicable ; Pass      ; Inapplicable ; Inapplicable ; Inapplicable ; Inapplicable ; Inapplicable ; Inapplicable ; Inapplicable ; Inapplicable ; Inapplicable ; Inapplicable ; Inapplicable ; Pass         ; Inapplicable ; Inapplicable ; Pass         ; Inapplicable ; Inapplicable ; Inapplicable ; Inapplicable ; Pass      ; Pass      ; Pass      ; Inapplicable ; Inapplicable ;
; writeData[0]       ; Inapplicable ; Inapplicable ; Inapplicable ; Inapplicable ; Inapplicable ; Pass      ; Inapplicable ; Inapplicable ; Inapplicable ; Inapplicable ; Inapplicable ; Inapplicable ; Inapplicable ; Inapplicable ; Inapplicable ; Inapplicable ; Inapplicable ; Pass         ; Inapplicable ; Inapplicable ; Pass         ; Inapplicable ; Inapplicable ; Inapplicable ; Inapplicable ; Pass      ; Pass      ; Pass      ; Inapplicable ; Inapplicable ;
; clock              ; Inapplicable ; Inapplicable ; Inapplicable ; Inapplicable ; Inapplicable ; Pass      ; Inapplicable ; Inapplicable ; Inapplicable ; Inapplicable ; Inapplicable ; Inapplicable ; Inapplicable ; Inapplicable ; Inapplicable ; Inapplicable ; Inapplicable ; Pass         ; Inapplicable ; Inapplicable ; Pass         ; Inapplicable ; Inapplicable ; Inapplicable ; Inapplicable ; Pass      ; Pass      ; Pass      ; Inapplicable ; Inapplicable ;
; memWrite           ; Inapplicable ; Inapplicable ; Inapplicable ; Inapplicable ; Inapplicable ; Pass      ; Inapplicable ; Inapplicable ; Inapplicable ; Inapplicable ; Inapplicable ; Inapplicable ; Inapplicable ; Inapplicable ; Inapplicable ; Inapplicable ; Inapplicable ; Pass         ; Inapplicable ; Inapplicable ; Pass         ; Inapplicable ; Inapplicable ; Inapplicable ; Inapplicable ; Pass      ; Pass      ; Pass      ; Inapplicable ; Inapplicable ;
; writeData[9]       ; Inapplicable ; Inapplicable ; Inapplicable ; Inapplicable ; Inapplicable ; Pass      ; Inapplicable ; Inapplicable ; Inapplicable ; Inapplicable ; Inapplicable ; Inapplicable ; Inapplicable ; Inapplicable ; Inapplicable ; Inapplicable ; Inapplicable ; Pass         ; Inapplicable ; Inapplicable ; Pass         ; Inapplicable ; Inapplicable ; Inapplicable ; Inapplicable ; Pass      ; Pass      ; Pass      ; Inapplicable ; Inapplicable ;
; writeData[1]       ; Inapplicable ; Inapplicable ; Inapplicable ; Inapplicable ; Inapplicable ; Pass      ; Inapplicable ; Inapplicable ; Inapplicable ; Inapplicable ; Inapplicable ; Inapplicable ; Inapplicable ; Inapplicable ; Inapplicable ; Inapplicable ; Inapplicable ; Pass         ; Inapplicable ; Inapplicable ; Pass         ; Inapplicable ; Inapplicable ; Inapplicable ; Inapplicable ; Pass      ; Pass      ; Pass      ; Inapplicable ; Inapplicable ;
; writeData[10]      ; Inapplicable ; Inapplicable ; Inapplicable ; Inapplicable ; Inapplicable ; Pass      ; Inapplicable ; Inapplicable ; Inapplicable ; Inapplicable ; Inapplicable ; Inapplicable ; Inapplicable ; Inapplicable ; Inapplicable ; Inapplicable ; Inapplicable ; Pass         ; Inapplicable ; Inapplicable ; Pass         ; Inapplicable ; Inapplicable ; Inapplicable ; Inapplicable ; Pass      ; Pass      ; Pass      ; Inapplicable ; Inapplicable ;
; writeData[2]       ; Inapplicable ; Inapplicable ; Inapplicable ; Inapplicable ; Inapplicable ; Pass      ; Inapplicable ; Inapplicable ; Inapplicable ; Inapplicable ; Inapplicable ; Inapplicable ; Inapplicable ; Inapplicable ; Inapplicable ; Inapplicable ; Inapplicable ; Pass         ; Inapplicable ; Inapplicable ; Pass         ; Inapplicable ; Inapplicable ; Inapplicable ; Inapplicable ; Pass      ; Pass      ; Pass      ; Inapplicable ; Inapplicable ;
; writeData[11]      ; Inapplicable ; Inapplicable ; Inapplicable ; Inapplicable ; Inapplicable ; Pass      ; Inapplicable ; Inapplicable ; Inapplicable ; Inapplicable ; Inapplicable ; Inapplicable ; Inapplicable ; Inapplicable ; Inapplicable ; Inapplicable ; Inapplicable ; Pass         ; Inapplicable ; Inapplicable ; Pass         ; Inapplicable ; Inapplicable ; Inapplicable ; Inapplicable ; Pass      ; Pass      ; Pass      ; Inapplicable ; Inapplicable ;
; writeData[3]       ; Inapplicable ; Inapplicable ; Inapplicable ; Inapplicable ; Inapplicable ; Pass      ; Inapplicable ; Inapplicable ; Inapplicable ; Inapplicable ; Inapplicable ; Inapplicable ; Inapplicable ; Inapplicable ; Inapplicable ; Inapplicable ; Inapplicable ; Pass         ; Inapplicable ; Inapplicable ; Pass         ; Inapplicable ; Inapplicable ; Inapplicable ; Inapplicable ; Pass      ; Pass      ; Pass      ; Inapplicable ; Inapplicable ;
; writeData[12]      ; Inapplicable ; Inapplicable ; Inapplicable ; Inapplicable ; Inapplicable ; Pass      ; Inapplicable ; Inapplicable ; Inapplicable ; Inapplicable ; Inapplicable ; Inapplicable ; Inapplicable ; Inapplicable ; Inapplicable ; Inapplicable ; Inapplicable ; Pass         ; Inapplicable ; Inapplicable ; Pass         ; Inapplicable ; Inapplicable ; Inapplicable ; Inapplicable ; Pass      ; Pass      ; Pass      ; Inapplicable ; Inapplicable ;
; writeData[4]       ; Inapplicable ; Inapplicable ; Inapplicable ; Inapplicable ; Inapplicable ; Pass      ; Inapplicable ; Inapplicable ; Inapplicable ; Inapplicable ; Inapplicable ; Inapplicable ; Inapplicable ; Inapplicable ; Inapplicable ; Inapplicable ; Inapplicable ; Pass         ; Inapplicable ; Inapplicable ; Pass         ; Inapplicable ; Inapplicable ; Inapplicable ; Inapplicable ; Pass      ; Pass      ; Pass      ; Inapplicable ; Inapplicable ;
; writeData[13]      ; Inapplicable ; Inapplicable ; Inapplicable ; Inapplicable ; Inapplicable ; Pass      ; Inapplicable ; Inapplicable ; Inapplicable ; Inapplicable ; Inapplicable ; Inapplicable ; Inapplicable ; Inapplicable ; Inapplicable ; Inapplicable ; Inapplicable ; Pass         ; Inapplicable ; Inapplicable ; Pass         ; Inapplicable ; Inapplicable ; Inapplicable ; Inapplicable ; Pass      ; Pass      ; Pass      ; Inapplicable ; Inapplicable ;
; writeData[5]       ; Inapplicable ; Inapplicable ; Inapplicable ; Inapplicable ; Inapplicable ; Pass      ; Inapplicable ; Inapplicable ; Inapplicable ; Inapplicable ; Inapplicable ; Inapplicable ; Inapplicable ; Inapplicable ; Inapplicable ; Inapplicable ; Inapplicable ; Pass         ; Inapplicable ; Inapplicable ; Pass         ; Inapplicable ; Inapplicable ; Inapplicable ; Inapplicable ; Pass      ; Pass      ; Pass      ; Inapplicable ; Inapplicable ;
; writeData[14]      ; Inapplicable ; Inapplicable ; Inapplicable ; Inapplicable ; Inapplicable ; Pass      ; Inapplicable ; Inapplicable ; Inapplicable ; Inapplicable ; Inapplicable ; Inapplicable ; Inapplicable ; Inapplicable ; Inapplicable ; Inapplicable ; Inapplicable ; Pass         ; Inapplicable ; Inapplicable ; Pass         ; Inapplicable ; Inapplicable ; Inapplicable ; Inapplicable ; Pass      ; Pass      ; Pass      ; Inapplicable ; Inapplicable ;
; writeData[6]       ; Inapplicable ; Inapplicable ; Inapplicable ; Inapplicable ; Inapplicable ; Pass      ; Inapplicable ; Inapplicable ; Inapplicable ; Inapplicable ; Inapplicable ; Inapplicable ; Inapplicable ; Inapplicable ; Inapplicable ; Inapplicable ; Inapplicable ; Pass         ; Inapplicable ; Inapplicable ; Pass         ; Inapplicable ; Inapplicable ; Inapplicable ; Inapplicable ; Pass      ; Pass      ; Pass      ; Inapplicable ; Inapplicable ;
; writeData[15]      ; Inapplicable ; Inapplicable ; Inapplicable ; Inapplicable ; Inapplicable ; Pass      ; Inapplicable ; Inapplicable ; Inapplicable ; Inapplicable ; Inapplicable ; Inapplicable ; Inapplicable ; Inapplicable ; Inapplicable ; Inapplicable ; Inapplicable ; Pass         ; Inapplicable ; Inapplicable ; Pass         ; Inapplicable ; Inapplicable ; Inapplicable ; Inapplicable ; Pass      ; Pass      ; Pass      ; Inapplicable ; Inapplicable ;
; writeData[7]       ; Inapplicable ; Inapplicable ; Inapplicable ; Inapplicable ; Inapplicable ; Pass      ; Inapplicable ; Inapplicable ; Inapplicable ; Inapplicable ; Inapplicable ; Inapplicable ; Inapplicable ; Inapplicable ; Inapplicable ; Inapplicable ; Inapplicable ; Pass         ; Inapplicable ; Inapplicable ; Pass         ; Inapplicable ; Inapplicable ; Inapplicable ; Inapplicable ; Pass      ; Pass      ; Pass      ; Inapplicable ; Inapplicable ;
+--------------------+--------------+--------------+--------------+--------------+--------------+-----------+--------------+--------------+--------------+--------------+--------------+--------------+--------------+--------------+--------------+--------------+--------------+--------------+--------------+--------------+--------------+--------------+--------------+--------------+--------------+-----------+-----------+-----------+--------------+--------------+


+-------------------------------------------------------------------------------------------+
; Fitter Device Options                                                                     ;
+------------------------------------------------------------------+------------------------+
; Option                                                           ; Setting                ;
+------------------------------------------------------------------+------------------------+
; Enable user-supplied start-up clock (CLKUSR)                     ; Off                    ;
; Enable device-wide reset (DEV_CLRn)                              ; Off                    ;
; Enable device-wide output enable (DEV_OE)                        ; Off                    ;
; Enable INIT_DONE output                                          ; Off                    ;
; Configuration scheme                                             ; Internal Configuration ;
; Enable Error Detection CRC_ERROR pin                             ; Off                    ;
; Enable open drain on CRC_ERROR pin                               ; Off                    ;
; Enable nCONFIG, nSTATUS, and CONF_DONE pins                      ; On                     ;
; Enable JTAG pin sharing                                          ; Off                    ;
; Enable nCE pin                                                   ; Off                    ;
; Enable CONFIG_SEL pin                                            ; On                     ;
; Enable input tri-state on active configuration pins in user mode ; Off                    ;
; Configuration Voltage Level                                      ; Auto                   ;
; Force Configuration Voltage Level                                ; Off                    ;
; Data[0]                                                          ; Unreserved             ;
; Data[1]/ASDO                                                     ; Unreserved             ;
; FLASH_nCE/nCSO                                                   ; Unreserved             ;
; DCLK                                                             ; Unreserved             ;
+------------------------------------------------------------------+------------------------+


+------------------------------------+
; Operating Settings and Conditions  ;
+---------------------------+--------+
; Setting                   ; Value  ;
+---------------------------+--------+
; Nominal Core Voltage      ; 1.20 V ;
; Low Junction Temperature  ; 0 °C   ;
; High Junction Temperature ; 85 °C  ;
+---------------------------+--------+


+-----------------+
; Fitter Messages ;
+-----------------+
Warning (18236): Number of processors has not been specified which may cause overloading on shared machines.  Set the global assignment NUM_PARALLEL_PROCESSORS in your QSF to an appropriate value for best performance.
Info (20030): Parallel compilation is enabled and will use 6 of the 6 processors detected
Info (119006): Selected device 10M50DAF484C7G for design "memoriaDados"
Info (21077): Low junction temperature is 0 degrees C
Info (21077): High junction temperature is 85 degrees C
Info (171003): Fitter is performing an Auto Fit compilation, which may decrease Fitter effort to reduce compilation time
Warning (292013): Feature LogicLock is only available with a valid subscription license. You can purchase a software subscription to gain full access to this feature.
Info (176444): Device migration not selected. If you intend to use device migration later, you may need to change the pin assignments as they may be incompatible with other devices
    Info (176445): Device 10M08DAF484I7G is compatible
    Info (176445): Device 10M08DAF484I7P is compatible
    Info (176445): Device 10M16DAF484A7G is compatible
    Info (176445): Device 10M16DAF484C7G is compatible
    Info (176445): Device 10M16DAF484I7G is compatible
    Info (176445): Device 10M16DAF484I7P is compatible
    Info (176445): Device 10M25DAF484A7G is compatible
    Info (176445): Device 10M25DAF484C7G is compatible
    Info (176445): Device 10M25DAF484I7G is compatible
    Info (176445): Device 10M50DAF484I7G is compatible
    Info (176445): Device 10M50DAF484I7P is compatible
    Info (176445): Device 10M40DAF484C7G is compatible
    Info (176445): Device 10M40DAF484I7G is compatible
Info (169124): Fitter converted 8 user pins into dedicated programming pins
    Info (169125): Pin ~ALTERA_TMS~ is reserved at location H2
    Info (169125): Pin ~ALTERA_TCK~ is reserved at location G2
    Info (169125): Pin ~ALTERA_TDI~ is reserved at location L4
    Info (169125): Pin ~ALTERA_TDO~ is reserved at location M5
    Info (169125): Pin ~ALTERA_CONFIG_SEL~ is reserved at location H10
    Info (169125): Pin ~ALTERA_nCONFIG~ is reserved at location H9
    Info (169125): Pin ~ALTERA_nSTATUS~ is reserved at location G9
    Info (169125): Pin ~ALTERA_CONF_DONE~ is reserved at location F8
Info (169141): DATA[0] dual-purpose pin not reserved
Info (12825): Data[1]/ASDO dual-purpose pin not reserved
Info (12825): nCSO dual-purpose pin not reserved
Info (12825): DCLK dual-purpose pin not reserved
Warning (15714): Some pins have incomplete I/O assignments. Refer to the I/O Assignment Warnings report for details
Critical Warning (169085): No exact pin location assignment(s) for 41 pins of 41 total pins. For the list of pins please refer to the I/O Assignment Warnings table in the fitter report.
Critical Warning (332012): Synopsys Design Constraints File file not found: 'memoriaDados.sdc'. A Synopsys Design Constraints File is required by the Timing Analyzer to get proper timing constraints. Without it, the Compiler will not properly optimize the design.
Info (332144): No user constrained base clocks found in the design
Info (332143): No user constrained clock uncertainty found in the design. Calling "derive_clock_uncertainty"
Info (332154): The derive_clock_uncertainty command did not apply clock uncertainty to any clock-to-clock transfers.
Info (332130): Timing requirements not specified -- quality metrics such as performance may be sacrificed to reduce compilation time.
Info (176353): Automatically promoted node clock~input (placed in PIN M8 (CLK1n, DIFFIO_RX_L36n, DIFFOUT_L36n, High_Speed)) File: /home/oem/Documentos/AOC/AOC1/pratica4/ex2/memoriaDados.v Line: 6
    Info (176355): Automatically promoted destinations to use location or clock signal Global Clock CLKCTRL_G3
Info (176233): Starting register packing
Info (176235): Finished register packing
    Extra Info (176219): No registers were packed into other blocks
Info (176214): Statistics of I/O pins that need to be placed that use the same VCCIO and VREF, before I/O pin placement
    Info (176211): Number of I/O pins in group: 40 (unused VREF, 2.5V VCCIO, 24 input, 16 output, 0 bidirectional)
        Info (176212): I/O standards used: 2.5 V.
Info (176215): I/O bank details before I/O pin placement
    Info (176214): Statistics of I/O banks
        Info (176213): I/O bank number 1A does not use VREF pins and has undetermined VCCIO pins. 0 total pin(s) used --  16 pins available
        Info (176213): I/O bank number 1B does not use VREF pins and has undetermined VCCIO pins. 4 total pin(s) used --  20 pins available
        Info (176213): I/O bank number 2 does not use VREF pins and has undetermined VCCIO pins. 1 total pin(s) used --  35 pins available
        Info (176213): I/O bank number 3 does not use VREF pins and has undetermined VCCIO pins. 0 total pin(s) used --  48 pins available
        Info (176213): I/O bank number 4 does not use VREF pins and has undetermined VCCIO pins. 0 total pin(s) used --  48 pins available
        Info (176213): I/O bank number 5 does not use VREF pins and has undetermined VCCIO pins. 0 total pin(s) used --  40 pins available
        Info (176213): I/O bank number 6 does not use VREF pins and has undetermined VCCIO pins. 0 total pin(s) used --  60 pins available
        Info (176213): I/O bank number 7 does not use VREF pins and has undetermined VCCIO pins. 0 total pin(s) used --  52 pins available
        Info (176213): I/O bank number 8 does not use VREF pins and has undetermined VCCIO pins. 4 total pin(s) used --  32 pins available
Info (171121): Fitter preparation operations ending: elapsed time is 00:00:02
Info (14896): Fitter has disabled Advanced Physical Optimization because it is not supported for the current family.
Info (170189): Fitter placement preparation operations beginning
Info (170190): Fitter placement preparation operations ending: elapsed time is 00:00:00
Info (170191): Fitter placement operations beginning
Info (170137): Fitter placement was successful
Info (170192): Fitter placement operations ending: elapsed time is 00:00:01
Info (170193): Fitter routing operations beginning
Info (170195): Router estimated average interconnect usage is 0% of the available device resources
    Info (170196): Router estimated peak interconnect usage is 9% of the available device resources in the region that extends from location X33_Y33 to location X44_Y43
Info (170199): The Fitter performed an Auto Fit compilation.  Optimizations were skipped to reduce compilation time.
    Info (170201): Optimizations that may affect the design's routability were skipped
    Info (170200): Optimizations that may affect the design's timing were skipped
Info (170194): Fitter routing operations ending: elapsed time is 00:00:00
Info (11888): Total time spent on timing analysis during the Fitter is 0.05 seconds.
Info (334003): Started post-fitting delay annotation
Info (334004): Delay annotation completed successfully
Info (334003): Started post-fitting delay annotation
Info (334004): Delay annotation completed successfully
Info (11218): Fitter post-fit operations ending: elapsed time is 00:00:02
Info (144001): Generated suppressed messages file /home/oem/Documentos/AOC/AOC1/pratica4/ex2/output_files/memoriaDados.fit.smsg
Info: Quartus Prime Fitter was successful. 0 errors, 5 warnings
    Info: Peak virtual memory: 1216 megabytes
    Info: Processing ended: Thu Sep 24 10:04:51 2026
    Info: Elapsed time: 00:00:15
    Info: Total CPU time (on all processors): 00:00:17


+----------------------------+
; Fitter Suppressed Messages ;
+----------------------------+
The suppressed messages can be found in /home/oem/Documentos/AOC/AOC1/pratica4/ex2/output_files/memoriaDados.fit.smsg.


